accession,view_index,image_url,rights,note
1982.5,0,https://openaccess-cdn.clevelandart.org/1982.5/1982.5_web.jpg,CC0,URL retained; image not redistributed
1982.5,1,https://openaccess-cdn.clevelandart.org/1982.5/1982.5_alt0_web.jpg,CC0,URL retained; image not redistributed
1982.5,2,https://openaccess-cdn.clevelandart.org/1982.5/1982.5_alt1_web.jpg,CC0,URL retained; image not redistributed
1999.488,0,https://images.metmuseum.org/CRDImages/ad/original/DP-23690-005.jpg,Public Domain / CC0 (Met Open Access),URL retained; image not redistributed
1999.488,1,https://images.metmuseum.org/CRDImages/ad/original/DP-23690-004.jpg,Public Domain / CC0 (Met Open Access),URL retained; image not redistributed
1999.488,2,https://images.metmuseum.org/CRDImages/ad/original/DP-23690-003.jpg,Public Domain / CC0 (Met Open Access),URL retained; image not redistributed
1999.488,3,https://images.metmuseum.org/CRDImages/ad/original/DP-23690-002.jpg,Public Domain / CC0 (Met Open Access),URL retained; image not redistributed
1999.488,4,https://images.metmuseum.org/CRDImages/ad/original/DP-23690-001.jpg,Public Domain / CC0 (Met Open Access),URL retained; image not redistributed
1972.47,0,https://images.metmuseum.org/CRDImages/ad/original/DP351110.jpg,Public Domain / CC0 (Met Open Access),URL retained; image not redistributed
1972.47,1,https://images.metmuseum.org/CRDImages/ad/original/DP351099.jpg,Public Domain / CC0 (Met Open Access),URL retained; image not redistributed
1972.47,2,https://images.metmuseum.org/CRDImages/ad/original/DP351101.jpg,Public Domain / CC0 (Met Open Access),URL retained; image not redistributed
1972.47,3,https://images.metmuseum.org/CRDImages/ad/original/DP351102.jpg,Public Domain / CC0 (Met Open Access),URL retained; image not redistributed
1972.47,4,https://images.metmuseum.org/CRDImages/ad/original/DP351103.jpg,Public Domain / CC0 (Met Open Access),URL retained; image not redistributed
1972.47,5,https://images.metmuseum.org/CRDImages/ad/original/DP351104.jpg,Public Domain / CC0 (Met Open Access),URL retained; image not redistributed
1972.47,6,https://images.metmuseum.org/CRDImages/ad/original/DP351105.jpg,Public Domain / CC0 (Met Open Access),URL retained; image not redistributed
1972.47,7,https://images.metmuseum.org/CRDImages/ad/original/DP351109.jpg,Public Domain / CC0 (Met Open Access),URL retained; image not redistributed
1972.47,8,https://images.metmuseum.org/CRDImages/ad/original/DT183.jpg,Public Domain / CC0 (Met Open Access),URL retained; image not redistributed
1972.47,9,https://images.metmuseum.org/CRDImages/ad/original/DP351100.jpg,Public Domain / CC0 (Met Open Access),URL retained; image not redistributed
1972.47,10,https://images.metmuseum.org/CRDImages/ad/original/DP351106.jpg,Public Domain / CC0 (Met Open Access),URL retained; image not redistributed
"69.140a, b",0,https://images.metmuseum.org/CRDImages/ad/original/DP235302.jpg,Public Domain / CC0 (Met Open Access),URL retained; image not redistributed
"69.140a, b",1,https://images.metmuseum.org/CRDImages/ad/original/DP235304.jpg,Public Domain / CC0 (Met Open Access),URL retained; image not redistributed
"69.140a, b",2,https://images.metmuseum.org/CRDImages/ad/original/DP240928.jpg,Public Domain / CC0 (Met Open Access),URL retained; image not redistributed
"69.140a, b",3,https://images.metmuseum.org/CRDImages/ad/original/DP240929.jpg,Public Domain / CC0 (Met Open Access),URL retained; image not redistributed
"69.140a, b",4,https://images.metmuseum.org/CRDImages/ad/original/DP240930.jpg,Public Domain / CC0 (Met Open Access),URL retained; image not redistributed
"69.140a, b",5,https://images.metmuseum.org/CRDImages/ad/original/DP240931.jpg,Public Domain / CC0 (Met Open Access),URL retained; image not redistributed
"69.140a, b",6,https://images.metmuseum.org/CRDImages/ad/original/DP240932.jpg,Public Domain / CC0 (Met Open Access),URL retained; image not redistributed
"69.140a, b",7,https://images.metmuseum.org/CRDImages/ad/original/DP235305.jpg,Public Domain / CC0 (Met Open Access),URL retained; image not redistributed
"69.140a, b",8,https://images.metmuseum.org/CRDImages/ad/original/DP240601.jpg,Public Domain / CC0 (Met Open Access),URL retained; image not redistributed
"69.140a, b",9,https://images.metmuseum.org/CRDImages/ad/original/DP240602.jpg,Public Domain / CC0 (Met Open Access),URL retained; image not redistributed
65.186,0,https://images.metmuseum.org/CRDImages/ad/original/ADA4655.jpg,Public Domain / CC0 (Met Open Access),URL retained; image not redistributed
65.186,1,https://images.metmuseum.org/CRDImages/ad/original/187558.jpg,Public Domain / CC0 (Met Open Access),URL retained; image not redistributed
65.186,2,https://images.metmuseum.org/CRDImages/ad/original/192959.jpg,Public Domain / CC0 (Met Open Access),URL retained; image not redistributed
65.186,3,https://images.metmuseum.org/CRDImages/ad/original/ADA3288.jpg,Public Domain / CC0 (Met Open Access),URL retained; image not redistributed
"2013.956a, b",0,https://images.metmuseum.org/CRDImages/ad/original/DP319110.jpg,Public Domain / CC0 (Met Open Access),URL retained; image not redistributed
"2013.956a, b",1,https://images.metmuseum.org/CRDImages/ad/original/DP318020.jpg,Public Domain / CC0 (Met Open Access),URL retained; image not redistributed
1992.80,0,https://images.metmuseum.org/CRDImages/ad/original/DT181.jpg,Public Domain / CC0 (Met Open Access),URL retained; image not redistributed
1992.80,1,https://images.metmuseum.org/CRDImages/ad/original/DT6867.jpg,Public Domain / CC0 (Met Open Access),URL retained; image not redistributed
2014.530.1.1,0,https://images.metmuseum.org/CRDImages/ad/original/DP364502.jpg,Public Domain / CC0 (Met Open Access),URL retained; image not redistributed
2014.530.1.1,1,https://images.metmuseum.org/CRDImages/ad/original/DP364504.jpg,Public Domain / CC0 (Met Open Access),URL retained; image not redistributed
2014.530.1.1,2,https://images.metmuseum.org/CRDImages/ad/original/DP364505.jpg,Public Domain / CC0 (Met Open Access),URL retained; image not redistributed
2014.530.1.1,3,https://images.metmuseum.org/CRDImages/ad/original/DP338463.jpg,Public Domain / CC0 (Met Open Access),URL retained; image not redistributed
2014.530.1.1,4,https://images.metmuseum.org/CRDImages/ad/original/DP338465.jpg,Public Domain / CC0 (Met Open Access),URL retained; image not redistributed
2014.530.1.1,5,https://images.metmuseum.org/CRDImages/ad/original/DP338467.jpg,Public Domain / CC0 (Met Open Access),URL retained; image not redistributed
2014.530.1.1,6,https://images.metmuseum.org/CRDImages/ad/original/DP338464.jpg,Public Domain / CC0 (Met Open Access),URL retained; image not redistributed
2014.530.1.1,7,https://images.metmuseum.org/CRDImages/ad/original/DP338466.jpg,Public Domain / CC0 (Met Open Access),URL retained; image not redistributed
2014.530.1.1,8,https://images.metmuseum.org/CRDImages/ad/original/DP337010.jpg,Public Domain / CC0 (Met Open Access),URL retained; image not redistributed
2014.530.1.1,9,https://images.metmuseum.org/CRDImages/ad/original/DP364500.jpg,Public Domain / CC0 (Met Open Access),URL retained; image not redistributed
2016.377,0,https://images.metmuseum.org/CRDImages/ad/original/DP-14662-001.jpg,Public Domain / CC0 (Met Open Access),URL retained; image not redistributed
2016.377,1,https://images.metmuseum.org/CRDImages/ad/original/DP-14662-002.jpg,Public Domain / CC0 (Met Open Access),URL retained; image not redistributed
2016.377,2,https://images.metmuseum.org/CRDImages/ad/original/DP-14662-003.jpg,Public Domain / CC0 (Met Open Access),URL retained; image not redistributed
2016.377,3,https://images.metmuseum.org/CRDImages/ad/original/DP-14662-004.jpg,Public Domain / CC0 (Met Open Access),URL retained; image not redistributed
2016.377,4,https://images.metmuseum.org/CRDImages/ad/original/DP-14662-005.jpg,Public Domain / CC0 (Met Open Access),URL retained; image not redistributed
2012.216,0,https://images.metmuseum.org/CRDImages/ad/original/DP370496.jpg,Public Domain / CC0 (Met Open Access),URL retained; image not redistributed
2012.216,1,https://images.metmuseum.org/CRDImages/ad/original/DP370497.jpg,Public Domain / CC0 (Met Open Access),URL retained; image not redistributed
2012.216,2,https://images.metmuseum.org/CRDImages/ad/original/DP370498.jpg,Public Domain / CC0 (Met Open Access),URL retained; image not redistributed
2012.216,3,https://images.metmuseum.org/CRDImages/ad/original/DP370499.jpg,Public Domain / CC0 (Met Open Access),URL retained; image not redistributed
2012.216,4,https://images.metmuseum.org/CRDImages/ad/original/DP370500.jpg,Public Domain / CC0 (Met Open Access),URL retained; image not redistributed
2012.216,5,https://images.metmuseum.org/CRDImages/ad/original/DP370501.jpg,Public Domain / CC0 (Met Open Access),URL retained; image not redistributed
2002.298.1,0,https://images.metmuseum.org/CRDImages/ad/original/DT5417.jpg,Public Domain / CC0 (Met Open Access),URL retained; image not redistributed
2002.298.1,1,https://images.metmuseum.org/CRDImages/ad/original/270894.jpg,Public Domain / CC0 (Met Open Access),URL retained; image not redistributed
2002.298.1,2,https://images.metmuseum.org/CRDImages/ad/original/270895.jpg,Public Domain / CC0 (Met Open Access),URL retained; image not redistributed
2002.298.1,3,https://images.metmuseum.org/CRDImages/ad/original/270896.jpg,Public Domain / CC0 (Met Open Access),URL retained; image not redistributed
2002.298.1,4,https://images.metmuseum.org/CRDImages/ad/original/270897.jpg,Public Domain / CC0 (Met Open Access),URL retained; image not redistributed
2002.298.1,5,https://images.metmuseum.org/CRDImages/ad/original/270899.jpg,Public Domain / CC0 (Met Open Access),URL retained; image not redistributed
2002.298.1,6,https://images.metmuseum.org/CRDImages/ad/original/270900.jpg,Public Domain / CC0 (Met Open Access),URL retained; image not redistributed
2002.298.1,7,https://images.metmuseum.org/CRDImages/ad/original/270898.jpg,Public Domain / CC0 (Met Open Access),URL retained; image not redistributed
2002.298.2,0,https://images.metmuseum.org/CRDImages/ad/original/DT5417.jpg,Public Domain / CC0 (Met Open Access),URL retained; image not redistributed
2002.298.2,1,https://images.metmuseum.org/CRDImages/ad/original/270894.jpg,Public Domain / CC0 (Met Open Access),URL retained; image not redistributed
2002.298.2,2,https://images.metmuseum.org/CRDImages/ad/original/270895.jpg,Public Domain / CC0 (Met Open Access),URL retained; image not redistributed
2002.298.2,3,https://images.metmuseum.org/CRDImages/ad/original/270896.jpg,Public Domain / CC0 (Met Open Access),URL retained; image not redistributed
2002.298.2,4,https://images.metmuseum.org/CRDImages/ad/original/270897.jpg,Public Domain / CC0 (Met Open Access),URL retained; image not redistributed
2002.298.2,5,https://images.metmuseum.org/CRDImages/ad/original/270899.jpg,Public Domain / CC0 (Met Open Access),URL retained; image not redistributed
2002.298.2,6,https://images.metmuseum.org/CRDImages/ad/original/270900.jpg,Public Domain / CC0 (Met Open Access),URL retained; image not redistributed
2002.298.2,7,https://images.metmuseum.org/CRDImages/ad/original/270898.jpg,Public Domain / CC0 (Met Open Access),URL retained; image not redistributed
1994.80,0,https://images.metmuseum.org/CRDImages/ad/original/DP359653.jpg,Public Domain / CC0 (Met Open Access),URL retained; image not redistributed
1994.80,1,https://images.metmuseum.org/CRDImages/ad/original/DP359796.jpg,Public Domain / CC0 (Met Open Access),URL retained; image not redistributed
1994.80,2,https://images.metmuseum.org/CRDImages/ad/original/DP359797.jpg,Public Domain / CC0 (Met Open Access),URL retained; image not redistributed
1994.80,3,https://images.metmuseum.org/CRDImages/ad/original/DP359798.jpg,Public Domain / CC0 (Met Open Access),URL retained; image not redistributed
1994.80,4,https://images.metmuseum.org/CRDImages/ad/original/DP359799.jpg,Public Domain / CC0 (Met Open Access),URL retained; image not redistributed
1994.80,5,https://images.metmuseum.org/CRDImages/ad/original/DP359800.jpg,Public Domain / CC0 (Met Open Access),URL retained; image not redistributed
1994.80,6,https://images.metmuseum.org/CRDImages/ad/original/DP359801.jpg,Public Domain / CC0 (Met Open Access),URL retained; image not redistributed
1994.80,7,https://images.metmuseum.org/CRDImages/ad/original/DP359802.jpg,Public Domain / CC0 (Met Open Access),URL retained; image not redistributed
1994.80,8,https://images.metmuseum.org/CRDImages/ad/original/DP359803.jpg,Public Domain / CC0 (Met Open Access),URL retained; image not redistributed
1994.80,9,https://images.metmuseum.org/CRDImages/ad/original/DT3678.jpg,Public Domain / CC0 (Met Open Access),URL retained; image not redistributed
1994.80,10,https://images.metmuseum.org/CRDImages/ad/original/ADA100.jpg,Public Domain / CC0 (Met Open Access),URL retained; image not redistributed
1994.80,11,https://images.metmuseum.org/CRDImages/ad/original/257817.jpg,Public Domain / CC0 (Met Open Access),URL retained; image not redistributed
69.146.2,0,https://images.metmuseum.org/CRDImages/ad/original/ADA3658.jpg,Public Domain / CC0 (Met Open Access),URL retained; image not redistributed
69.146.2,1,https://images.metmuseum.org/CRDImages/ad/original/ADA3659.jpg,Public Domain / CC0 (Met Open Access),URL retained; image not redistributed
69.146.2,2,https://images.metmuseum.org/CRDImages/ad/original/ADA3744.jpg,Public Domain / CC0 (Met Open Access),URL retained; image not redistributed
69.146.2,3,https://images.metmuseum.org/CRDImages/ad/original/ADA3745.jpg,Public Domain / CC0 (Met Open Access),URL retained; image not redistributed
69.146.2,4,https://images.metmuseum.org/CRDImages/ad/original/193955.jpg,Public Domain / CC0 (Met Open Access),URL retained; image not redistributed
69.146.5,0,https://images.metmuseum.org/CRDImages/ad/original/193955.jpg,Public Domain / CC0 (Met Open Access),URL retained; image not redistributed
69.146.4,0,https://images.metmuseum.org/CRDImages/ad/original/192563.jpg,Public Domain / CC0 (Met Open Access),URL retained; image not redistributed
69.146.1,0,https://images.metmuseum.org/CRDImages/ad/original/DP-32854-001.jpg,Public Domain / CC0 (Met Open Access),URL retained; image not redistributed
69.146.1,1,https://images.metmuseum.org/CRDImages/ad/original/DP-32854-004.jpg,Public Domain / CC0 (Met Open Access),URL retained; image not redistributed
69.146.1,2,https://images.metmuseum.org/CRDImages/ad/original/DP-32854-003.jpg,Public Domain / CC0 (Met Open Access),URL retained; image not redistributed
69.146.1,3,https://images.metmuseum.org/CRDImages/ad/original/DP-32854-002.jpg,Public Domain / CC0 (Met Open Access),URL retained; image not redistributed
69.146.1,4,https://images.metmuseum.org/CRDImages/ad/original/193954.jpg,Public Domain / CC0 (Met Open Access),URL retained; image not redistributed
69.146.3,0,https://images.metmuseum.org/CRDImages/ad/original/DP341692.jpg,Public Domain / CC0 (Met Open Access),URL retained; image not redistributed
69.146.3,1,https://images.metmuseum.org/CRDImages/ad/original/DP341693.jpg,Public Domain / CC0 (Met Open Access),URL retained; image not redistributed
69.146.3,2,https://images.metmuseum.org/CRDImages/ad/original/DP341694.jpg,Public Domain / CC0 (Met Open Access),URL retained; image not redistributed
69.146.3,3,https://images.metmuseum.org/CRDImages/ad/original/DP341695.jpg,Public Domain / CC0 (Met Open Access),URL retained; image not redistributed
69.146.3,4,https://images.metmuseum.org/CRDImages/ad/original/DP366885.jpg,Public Domain / CC0 (Met Open Access),URL retained; image not redistributed
69.146.3,5,https://images.metmuseum.org/CRDImages/ad/original/DP366886.jpg,Public Domain / CC0 (Met Open Access),URL retained; image not redistributed
1972.76,0,https://images.metmuseum.org/CRDImages/ad/original/198723.jpg,Public Domain / CC0 (Met Open Access),URL retained; image not redistributed
1994.441,0,https://images.metmuseum.org/CRDImages/ad/original/DP332475.jpg,Public Domain / CC0 (Met Open Access),URL retained; image not redistributed
1994.441,1,https://images.metmuseum.org/CRDImages/ad/original/DP335797.jpg,Public Domain / CC0 (Met Open Access),URL retained; image not redistributed
1994.441,2,https://images.metmuseum.org/CRDImages/ad/original/DP335799.jpg,Public Domain / CC0 (Met Open Access),URL retained; image not redistributed
1994.441,3,https://images.metmuseum.org/CRDImages/ad/original/DP336984.jpg,Public Domain / CC0 (Met Open Access),URL retained; image not redistributed
1994.441,4,https://images.metmuseum.org/CRDImages/ad/original/262817.jpg,Public Domain / CC0 (Met Open Access),URL retained; image not redistributed
1994.441,5,https://images.metmuseum.org/CRDImages/ad/original/262818.jpg,Public Domain / CC0 (Met Open Access),URL retained; image not redistributed
1994.441,6,https://images.metmuseum.org/CRDImages/ad/original/262819.jpg,Public Domain / CC0 (Met Open Access),URL retained; image not redistributed
1996.278,0,https://images.metmuseum.org/CRDImages/ad/original/ADA337.jpg,Public Domain / CC0 (Met Open Access),URL retained; image not redistributed
1996.278,1,https://images.metmuseum.org/CRDImages/ad/original/262586.jpg,Public Domain / CC0 (Met Open Access),URL retained; image not redistributed
1996.278,2,https://images.metmuseum.org/CRDImages/ad/original/ADA338.jpg,Public Domain / CC0 (Met Open Access),URL retained; image not redistributed
1996.278,3,https://images.metmuseum.org/CRDImages/ad/original/ADA4.jpg,Public Domain / CC0 (Met Open Access),URL retained; image not redistributed
1996.278,4,https://images.metmuseum.org/CRDImages/ad/original/262587.jpg,Public Domain / CC0 (Met Open Access),URL retained; image not redistributed
2012.217.1,0,https://images.metmuseum.org/CRDImages/ad/original/DP-14175-002.jpg,Public Domain / CC0 (Met Open Access),URL retained; image not redistributed
2012.217.1,1,https://images.metmuseum.org/CRDImages/ad/original/DP-14175-004.jpg,Public Domain / CC0 (Met Open Access),URL retained; image not redistributed
2012.217.1,2,https://images.metmuseum.org/CRDImages/ad/original/DP-14175-006.jpg,Public Domain / CC0 (Met Open Access),URL retained; image not redistributed
2012.217.1,3,https://images.metmuseum.org/CRDImages/ad/original/DP-14175-008.jpg,Public Domain / CC0 (Met Open Access),URL retained; image not redistributed
2012.217.1,4,https://images.metmuseum.org/CRDImages/ad/original/DP-14175-001.jpg,Public Domain / CC0 (Met Open Access),URL retained; image not redistributed
2012.217.2,0,https://images.metmuseum.org/CRDImages/ad/original/DP-14175-003.jpg,Public Domain / CC0 (Met Open Access),URL retained; image not redistributed
2012.217.2,1,https://images.metmuseum.org/CRDImages/ad/original/DP-14175-005.jpg,Public Domain / CC0 (Met Open Access),URL retained; image not redistributed
2012.217.2,2,https://images.metmuseum.org/CRDImages/ad/original/DP-14175-001.jpg,Public Domain / CC0 (Met Open Access),URL retained; image not redistributed
2012.217.2,3,https://images.metmuseum.org/CRDImages/ad/original/DP-14175-007.jpg,Public Domain / CC0 (Met Open Access),URL retained; image not redistributed
2012.217.2,4,https://images.metmuseum.org/CRDImages/ad/original/DP-14175-009.jpg,Public Domain / CC0 (Met Open Access),URL retained; image not redistributed
1994.440,0,https://images.metmuseum.org/CRDImages/ad/original/ADA6159.jpg,Public Domain / CC0 (Met Open Access),URL retained; image not redistributed
1994.440,1,https://images.metmuseum.org/CRDImages/ad/original/260077.jpg,Public Domain / CC0 (Met Open Access),URL retained; image not redistributed
1994.440,2,https://images.metmuseum.org/CRDImages/ad/original/260078.jpg,Public Domain / CC0 (Met Open Access),URL retained; image not redistributed
1994.440,3,https://images.metmuseum.org/CRDImages/ad/original/260079.jpg,Public Domain / CC0 (Met Open Access),URL retained; image not redistributed
1994.442,0,https://images.metmuseum.org/CRDImages/ad/original/DP-14661-001.jpg,Public Domain / CC0 (Met Open Access),URL retained; image not redistributed
1994.442,1,https://images.metmuseum.org/CRDImages/ad/original/DP-14661-002.jpg,Public Domain / CC0 (Met Open Access),URL retained; image not redistributed
1994.442,2,https://images.metmuseum.org/CRDImages/ad/original/DP-14661-003.jpg,Public Domain / CC0 (Met Open Access),URL retained; image not redistributed
1994.442,3,https://images.metmuseum.org/CRDImages/ad/original/DP-14661-004.jpg,Public Domain / CC0 (Met Open Access),URL retained; image not redistributed
1994.442,4,https://images.metmuseum.org/CRDImages/ad/original/DP-14661-005.jpg,Public Domain / CC0 (Met Open Access),URL retained; image not redistributed
1994.442,5,https://images.metmuseum.org/CRDImages/ad/original/259069.jpg,Public Domain / CC0 (Met Open Access),URL retained; image not redistributed
1994.442,6,https://images.metmuseum.org/CRDImages/ad/original/263405.jpg,Public Domain / CC0 (Met Open Access),URL retained; image not redistributed
1994.442,7,https://images.metmuseum.org/CRDImages/ad/original/263406.jpg,Public Domain / CC0 (Met Open Access),URL retained; image not redistributed
1994.442,8,https://images.metmuseum.org/CRDImages/ad/original/263407.jpg,Public Domain / CC0 (Met Open Access),URL retained; image not redistributed
1994.442,9,https://images.metmuseum.org/CRDImages/ad/original/263408.jpg,Public Domain / CC0 (Met Open Access),URL retained; image not redistributed
1994.442,10,https://images.metmuseum.org/CRDImages/ad/original/263409.jpg,Public Domain / CC0 (Met Open Access),URL retained; image not redistributed
1994.442,11,https://images.metmuseum.org/CRDImages/ad/original/263411.jpg,Public Domain / CC0 (Met Open Access),URL retained; image not redistributed
1994.442,12,https://images.metmuseum.org/CRDImages/ad/original/263410.jpg,Public Domain / CC0 (Met Open Access),URL retained; image not redistributed
2014.530.2,0,https://images.metmuseum.org/CRDImages/ad/original/DP370719.jpg,Public Domain / CC0 (Met Open Access),URL retained; image not redistributed
2014.530.2,1,https://images.metmuseum.org/CRDImages/ad/original/DP338462.jpg,Public Domain / CC0 (Met Open Access),URL retained; image not redistributed
2014.530.1.2,0,https://images.metmuseum.org/CRDImages/ad/original/DP364495.jpg,Public Domain / CC0 (Met Open Access),URL retained; image not redistributed
2014.530.1.2,1,https://images.metmuseum.org/CRDImages/ad/original/DP364497.jpg,Public Domain / CC0 (Met Open Access),URL retained; image not redistributed
2014.530.1.2,2,https://images.metmuseum.org/CRDImages/ad/original/DP364498.jpg,Public Domain / CC0 (Met Open Access),URL retained; image not redistributed
2014.530.1.2,3,https://images.metmuseum.org/CRDImages/ad/original/DP364499.jpg,Public Domain / CC0 (Met Open Access),URL retained; image not redistributed
2014.530.1.2,4,https://images.metmuseum.org/CRDImages/ad/original/DP338472.jpg,Public Domain / CC0 (Met Open Access),URL retained; image not redistributed
2014.530.1.2,5,https://images.metmuseum.org/CRDImages/ad/original/DP338471.jpg,Public Domain / CC0 (Met Open Access),URL retained; image not redistributed
2014.530.1.2,6,https://images.metmuseum.org/CRDImages/ad/original/DP338468.jpg,Public Domain / CC0 (Met Open Access),URL retained; image not redistributed
2014.530.1.2,7,https://images.metmuseum.org/CRDImages/ad/original/DP338469.jpg,Public Domain / CC0 (Met Open Access),URL retained; image not redistributed
2014.530.1.2,8,https://images.metmuseum.org/CRDImages/ad/original/DP338470.jpg,Public Domain / CC0 (Met Open Access),URL retained; image not redistributed
2014.530.1.2,9,https://images.metmuseum.org/CRDImages/ad/original/DP337011.jpg,Public Domain / CC0 (Met Open Access),URL retained; image not redistributed
2001.75,0,https://images.metmuseum.org/CRDImages/ad/original/ADA2637.jpg,Public Domain / CC0 (Met Open Access),URL retained; image not redistributed
2001.75,1,https://images.metmuseum.org/CRDImages/ad/original/268375.jpg,Public Domain / CC0 (Met Open Access),URL retained; image not redistributed
2001.75,2,https://images.metmuseum.org/CRDImages/ad/original/268374.jpg,Public Domain / CC0 (Met Open Access),URL retained; image not redistributed
2001.75,3,https://images.metmuseum.org/CRDImages/ad/original/268373.jpg,Public Domain / CC0 (Met Open Access),URL retained; image not redistributed
69.127,0,https://images.metmuseum.org/CRDImages/ad/original/210371.jpg,Public Domain / CC0 (Met Open Access),URL retained; image not redistributed
1975.277,0,https://images.metmuseum.org/CRDImages/ad/original/ADA230.jpg,Public Domain / CC0 (Met Open Access),URL retained; image not redistributed
1975.277,1,https://images.metmuseum.org/CRDImages/ad/original/206126.jpg,Public Domain / CC0 (Met Open Access),URL retained; image not redistributed
1975.277,2,https://images.metmuseum.org/CRDImages/ad/original/215070.jpg,Public Domain / CC0 (Met Open Access),URL retained; image not redistributed
1975.277,3,https://images.metmuseum.org/CRDImages/ad/original/ADA231.jpg,Public Domain / CC0 (Met Open Access),URL retained; image not redistributed
1999.79,0,https://images.metmuseum.org/CRDImages/ad/original/DT4380.jpg,Public Domain / CC0 (Met Open Access),URL retained; image not redistributed
1999.79,1,https://images.metmuseum.org/CRDImages/ad/original/1999.79.jpg,Public Domain / CC0 (Met Open Access),URL retained; image not redistributed
1999.79,2,https://images.metmuseum.org/CRDImages/ad/original/ADA3733.jpg,Public Domain / CC0 (Met Open Access),URL retained; image not redistributed
1999.79,3,https://images.metmuseum.org/CRDImages/ad/original/265789.jpg,Public Domain / CC0 (Met Open Access),URL retained; image not redistributed
1999.79,4,https://images.metmuseum.org/CRDImages/ad/original/265790.jpg,Public Domain / CC0 (Met Open Access),URL retained; image not redistributed
1999.79,5,https://images.metmuseum.org/CRDImages/ad/original/265791.jpg,Public Domain / CC0 (Met Open Access),URL retained; image not redistributed
1999.79,6,https://images.metmuseum.org/CRDImages/ad/original/APS2433.jpg,Public Domain / CC0 (Met Open Access),URL retained; image not redistributed
1999.79,7,https://images.metmuseum.org/CRDImages/ad/original/APS2434.jpg,Public Domain / CC0 (Met Open Access),URL retained; image not redistributed
1999.79,8,https://images.metmuseum.org/CRDImages/ad/original/APS2435.jpg,Public Domain / CC0 (Met Open Access),URL retained; image not redistributed
1999.79,9,https://images.metmuseum.org/CRDImages/ad/original/ADA3036.jpg,Public Domain / CC0 (Met Open Access),URL retained; image not redistributed
1973.168.2,0,https://images.metmuseum.org/CRDImages/ad/original/201126.jpg,Public Domain / CC0 (Met Open Access),URL retained; image not redistributed
1973.168.1,0,https://images.metmuseum.org/CRDImages/ad/original/201125.jpg,Public Domain / CC0 (Met Open Access),URL retained; image not redistributed
