slot,what,url,rejection_reason
02_stool,"Ottoman, Herter Brothers, ca. 1881–82, rosewood, Metropolitan Museum of Art 2002.396.2 (object 17493)",https://www.metmuseum.org/art/collection/search/17493,"only 0 views; gate requires 3+ (primaryImage empty, additionalImages empty) — AND image rights not open access (isPublicDomain false). This is the sole Herter stool-class object in the collection, so Tier 1 fails here."
02_stool,"Reception chair, Herter Brothers, ca. 1880, painted and gilded maple, Metropolitan Museum of Art 1995.149 (object 15293)",https://www.metmuseum.org/art/collection/search/15293,only 0 views; gate requires 3+ — AND image rights not open access. (Also not a stool.)
02_stool,"Cabinet, Herter Brothers, ca. 1883, Metropolitan Museum of Art 2002.396.1a–e (object 17491) — checked because it is the mate to the 2002.396 ottoman",https://www.metmuseum.org/art/collection/search/17491,only 0 views; gate requires 3+ — AND image rights not open access.
02_stool,"Firescreen, Attributed to Herter Brothers, ca. 1880, Metropolitan Museum of Art 69.127 (object 3680)",https://www.metmuseum.org/art/collection/search/3680,only 1 view; gate requires 3+.
02_stool,"Chair (objectName ""Sewing chair""), Herter Brothers, 1867–69, Metropolitan Museum of Art 65.186 (object 7551)",https://www.metmuseum.org/art/collection/search/7551,"Passes every mechanical gate (4 views, CC0, dimensions ""30 1/4 x 22 x 26 1/4 in. (76.8 x 55.9 x 66.7 cm)""). Rejected on SLOT DEFINITION, not on a gate: at 30 1/4 in. high with a back it is a low chair, not a stool, so it re-tests the baseline's stile-and-back vocabulary instead of isolating the lowe"
02_stool,"""Thebes"" Stool, artist/maker unknown, c. 1880–1883, ebony/ivory/mahogany/rosewood/leather, Philadelphia Museum of Art (object 305769) — the closest true Aesthetic-Movement stool fo",https://www.philamuseum.org/objects/305769,"only 1 photograph on the page; gate requires 3+ — AND no published overall measurements shown on the page — AND image rights not open access (page states images are ""shared for educational use"" with rights on request). Views counted by eye on the fetched page, not returned by an API."
02_stool,"Foot stool, Morris & Co, 1866–1900, upholstered in 'Bird' pattern, Victoria and Albert Museum CIRC.250C-1961 (O321999)",https://collections.vam.ac.uk/item/O321999/,"only 1 image (record images array length 1); gate requires 3+ — AND no published overall measurements (dimensions[] empty, dimensionsSummary null) — AND image rights not open access (""©Victoria & Albert Museum, London"")."
02_stool,"Footstool, John A. Ellis and Company, 1845–55, mahogany, Metropolitan Museum of Art 1970.124 (object 7912)",https://www.metmuseum.org/art/collection/search/7912,only 2 views; gate requires 3+.
02_stool,"Stool (one of a pair), American, ca. 1840, rosewood, Metropolitan Museum of Art 47.147.1 (object 7913)",https://www.metmuseum.org/art/collection/search/7913,"Nominally 4 views, but on inspection 3 of the 4 are group installation photographs of both stools flanking a lyre-base table at a distance. Fails ""at least THREE materially different useful views"" and fails ""resolution enough to separate components"" — only one image actually resolves the object."
02_stool,"Stool (the mate), American, ca. 1840, rosewood, Metropolitan Museum of Art 47.147.2 (object 7914)",https://www.metmuseum.org/art/collection/search/7914,"Same defect: 3 listed views, all of them the shared group installation plates. Fails ""three materially different useful views""."
02_stool,"Curule stool, Duncan Phyfe, ca. 1837, mahogany/ash/modern upholstery, Metropolitan Museum of Art 66.221.7 (object 7915)",https://www.metmuseum.org/art/collection/search/7915,only 2 views; gate requires 3+.
02_stool,"Curule stool, Duncan Phyfe, ca. 1837, Metropolitan Museum of Art 66.221.8 (object 7916)",https://www.metmuseum.org/art/collection/search/7916,only 1 view; gate requires 3+.
02_stool,"Footstool, American, 1810–20, mahogany and tulip poplar, Metropolitan Museum of Art 42.37.2 (object 3797)",https://www.metmuseum.org/art/collection/search/3797,only 2 views; gate requires 3+.
02_stool,"Footstool, Duncan Phyfe, ca. 1800, mahogany, Metropolitan Museum of Art 50.20.2 (object 3793)",https://www.metmuseum.org/art/collection/search/3793,only 1 view; gate requires 3+.
02_stool,"Footstool, American, ca. 1800, cherry, Metropolitan Museum of Art 34.100.48 (object 3787)",https://www.metmuseum.org/art/collection/search/3787,only 1 view; gate requires 3+.
02_stool,"Footstool, American, ca. 1800, pine, Metropolitan Museum of Art 34.100.49 (object 3788)",https://www.metmuseum.org/art/collection/search/3788,only 1 view; gate requires 3+.
02_stool,"Footstool, American, 1730–60, cherry and yellow pine, Metropolitan Museum of Art 52.195.14 (object 3789)",https://www.metmuseum.org/art/collection/search/3789,only 1 view; gate requires 3+.
02_stool,"Stool, American, 1750–90, mahogany, Metropolitan Museum of Art 69.208 (object 7911)",https://www.metmuseum.org/art/collection/search/7911,only 1 view; gate requires 3+.
02_stool,"Stool, American, 1800–1900, wood, Metropolitan Museum of Art 34.100.166b (object 7910)",https://www.metmuseum.org/art/collection/search/7910,only 1 view; gate requires 3+.
02_stool,"Piano stool, American, 1815–25, mahogany with ash, Metropolitan Museum of Art 66.108.5 (object 5598)",https://www.metmuseum.org/art/collection/search/5598,only 1 view; gate requires 3+.
02_stool,"Window stool, Duncan Phyfe, 1805–15, mahogany with cherry, Metropolitan Museum of Art 53.179.2 (object 9826)",https://www.metmuseum.org/art/collection/search/9826,only 1 view; gate requires 3+.
02_stool,"Window Stool, Duncan Phyfe, 1805–15, mahogany, Metropolitan Museum of Art 53.179.3 (object 9827)",https://www.metmuseum.org/art/collection/search/9827,only 1 view; gate requires 3+.
02_stool,"Joint stool, American, 1700–1725, maple, Metropolitan Museum of Art 10.125.182 (object 4547)",https://www.metmuseum.org/art/collection/search/4547,only 2 views; gate requires 3+.
02_stool,"Joint stool, American possibly, 1725–50, cherry, Metropolitan Museum of Art 52.77.56 (object 4551)",https://www.metmuseum.org/art/collection/search/4551,only 1 view; gate requires 3+.
02_stool,"Joint stool, British, 1650–1700, white oak, Metropolitan Museum of Art 66.108.4 (object 4552)",https://www.metmuseum.org/art/collection/search/4552,only 1 view; gate requires 3+.
02_stool,"Joint stool, British, 1650–1700, white oak and cherry, Metropolitan Museum of Art 1970.289.3 (object 4553)",https://www.metmuseum.org/art/collection/search/4553,only 1 view; gate requires 3+.
02_stool,"Ottoman, Francois Jourdain, ca. 1928, mahogany and plant fiber, Brooklyn Museum 2006.80.2",https://www.brooklynmuseum.org/opencollection/objects/172460,"Wrong tradition and date (French Art Moderne, ca. 1928 — not the Aesthetic construction tradition and not admissible under Tier 4, whose recipe is machine-bent laminate, not joined frame). Also only 1 photograph shown on the page; gate requires 3+. Views counted by eye in the browser, not returned b"
02_stool,"Tabouret, Carlo Bugatti, c. 1907, mahogany/parchment/gilt bronze/mother-of-pearl, Cleveland Museum of Art 2025.193 — the highest view count found anywhere (8 views, CC0, ""Overall: ",https://clevelandart.org/art/2025.193,"Passes every mechanical gate. Rejected on the Tier 4 test, not on a gate: it is Italian Art Nouveau, outside the construction tradition, and its parchment-wrapped carcass with beaten-copper inlay is an idiosyncratic surface technique, not the ""unusually reusable construction recipe"" the tier require"
02_stool,"Bench, Louis Majorelle, c. 1900, gilt wood, Cleveland Museum of Art 1971.28 (3 views, CC0)",https://clevelandart.org/art/1971.28,"Passes gates but rejected on slot definition and tier: French Art Nouveau bench, not a stool, wrong tradition, and carved-organic frame offers no reusable joinery recipe."
02_stool,"Stool, maker not stated, c. 1910, wood, Cleveland Museum of Art 1975.189 (4 views, CC0)",https://clevelandart.org/art/1975.189,"Passes gates but rejected on tier and on measurement usefulness: African carved stool, wrong tradition, and its published measurement is a single figure — ""Overall: 35 cm (13 3/4 in.)"" — with no width or depth, so the frame cannot be dimensioned."
02_stool,"Side Chair, Herter Brothers, 1869–70, Art Institute of Chicago 1988.199 — checked as the AIC route into Tier 1",https://www.artic.edu/artworks/90204,"Not a stool (wrong object type for this slot), and alt_image_ids is empty so it carries only 1 view; gate requires 3+. AIC holds six Herter objects and none is a stool."
03_settee,"Metropolitan Museum of Art 1992.269, ""Settee"", George Jakob Hunzinger, ca. 1876–85, ebonized cherry and fabric-covered steel mesh, 39 5/8 x 67 3/8 x 22 5/8 in. (100.6 x 171.1 x 57.",https://www.metmuseum.org/art/collection/search/14488,"only 1 view (API: primaryImage, additionalImages empty); gate requires 3+. This was the single best tier-2 match found anywhere — right period, right city, ebonized cherry like the baseline, patented Hunzinger construction — and it failed purely on photography."
03_settee,"Metropolitan Museum of Art 1975.219a, ""Settee"", Sir Lawrence Alma-Tadema (designer), ca. 1885, ebony/box/sandalwood/cedar with ivory, mother-of-pearl and brass, Overall: 35 1/2 × 5",https://www.metmuseum.org/art/collection/search/206332,"only 2 materially different views OF THE SETTEE; gate requires 3+. The API returns 3 images, but the third (225500) is a photograph of a separate textile labelled 1975.219 b, not a view of the settee. No rear, side-elevation or underside view."
03_settee,"Metropolitan Museum of Art 69.90.1, ""Settee"", American, 1870–1900",https://www.metmuseum.org/art/collection/search/7394,0 views AND image rights not open access (isPublicDomain false). Exactly the target period; no usable record.
03_settee,"Metropolitan Museum of Art 69.158.2, ""Settee"", American, 1850–1900",https://www.metmuseum.org/art/collection/search/7395,0 views AND image rights not open access (isPublicDomain false).
03_settee,"Metropolitan Museum of Art 1982.189.1, ""Garden Settee"", American, ca. 1870, cast iron, 35 1/2 x 39 x 21 in. (90.2 x 99.1 x 53.3 cm)",https://www.metmuseum.org/art/collection/search/3871,only 1 view; gate requires 3+.
03_settee,"Metropolitan Museum of Art 1982.189.2, ""Garden Settee"", American, ca. 1870",https://www.metmuseum.org/art/collection/search/3872,0 views AND image rights not open access (isPublicDomain false).
03_settee,"Victoria and Albert Museum W.16-1972, ""Settee"", Edward William Godwin (designer) with William Watt & Co., 1869-1885, ebonised mahogany with brass and silk, Height 85.1 cm / Width 1",https://api.vam.ac.uk/v2/museumobject/O127328,"only 1 image on the record (images array = ['2006BF5947']); gate requires 3+. The record carries an unusually good written physical description (pierced geometric arm panels, turned arm rests, turned finials on the rear legs, four legs on brass castors) but no second photograph, no rear and no under"
03_settee,"Cleveland Museum of Art 1971.29, ""Sofa"", maker NOT STATED, c. 1820, wood with painted and gilded decoration, Overall: 85.1 x 195.5 x 63.6 cm (33 1/2 x 76 15/16 x 25 1/16 in.)",https://clevelandart.org/art/1971.29,"fails ""three MATERIALLY DIFFERENT views"" — the 3 images are two near-identical straight front elevations (differing only in lighting and backdrop) plus one 3/4. No rear, underside, interior or joinery view."
03_settee,"Cleveland Museum of Art 1979.6, ""Settee"", Philippe-Joseph Pluvinet, c. 1780, painted wood and upholstery",https://clevelandart.org/art/1979.6,"no full published overall measurements — the measurements field reads only ""Overall: 162.5 cm (64 in.)"", a single figure with no height/width/depth breakdown. (Its 4 views are otherwise good: 3/4, front elevation, crest-corner detail, and an arm/leg/seat-rail junction detail showing the rosette die "
03_settee,"Cleveland Museum of Art 1971.28, ""Bench"", Louis Majorelle, c. 1900, Overall: 75 x 118.1 x 40.7 cm (29 1/2 x 46 1/2 x 16 in.)",https://clevelandart.org/art/1971.28,"fails the reveal gate — 3 views are 3/4, side-on elevation and a decorative crest detail; no rear, underside, interior or joinery view. Also wrong tradition (French Art Nouveau) with no compensating construction evidence."
03_settee,"Metropolitan Museum of Art 35.145.1, ""Settee (canapé) (part of a set)"", Nicolas-Quinibert Foliot, ca. 1754–56, 44 x 92 1/2 x 32 in. (111.8 x 235 x 81.3 cm)",https://www.metmuseum.org/art/collection/search/197738,only 1 view; gate requires 3+.
03_settee,"Metropolitan Museum of Art 35.145.15a–d, ""Four upholstery panels for a settee"", Beauvais, 1754–56",https://www.metmuseum.org/art/collection/search/231000,"not a settee — loose Beauvais tapestry upholstery panels only; no frame, so it cannot test the settee grammar. (2 views.)"
03_settee,"Brooklyn Museum — the whole Kimbel and Cabus holding (6 catalogued objects: Cabinet-Secretary, Humidor, Corner Chair (Modern Gothic style), Side Chair Model 304, Cabinet, Pedestal)",https://www.brooklynmuseum.org/search/collection?artist_maker=Kimbel+and+Cabus,"NO SETTEE, SOFA OR BENCH EXISTS in either maker's catalogued online holding — the tier fails on object type, not on gates. Brooklyn holds the largest institutional Kimbel and Cabus collection, so this closes tier 2's most promising address. Separately, the one Brooklyn record I opened in full (2000."
03_settee,"Art Institute of Chicago — Aesthetic-movement makers: Herter Brothers Cabinet (105105, 1878–80), Sideboard (99082), Side Chair (45003), Table (44867, 104352), Side Chair (90204); P",https://api.artic.edu/api/v1/artworks/search?q=Herter%20Brothers,"no settee, sofa or bench by ANY of these makers; and the objects that do exist carry 0–3 alt_image_ids, so most would fail the 3-view gate regardless."
03_settee,"Cleveland Museum of Art — the whole Herter holding (1997.58 Fire Screen, 1982.5 Chair [the corpus baseline], 1987.53 Center Table, 1984.39 Center Table (Gustave Herter Firm), 1998.",https://openaccess-api.clevelandart.org/api/artworks/?type=Furniture%20and%20woodwork&created_after=1840&created_before=1910,"no Aesthetic-movement settee, sofa or bench exists in the collection at all — a scan of every title in the Decorative Art and Design department (5,206 records) for settee/sofa/bench/settle/canapé/loveseat/daybed/couch/divan returned only 2011.3, 1971.29, 1947.183(.1) and 1971.28."
03_settee,"Metropolitan Museum of Art — the whole Herter Brothers holding: 7 objects under an artist search (armchair 1999.488, wardrobe 69.140a-b, console 2013.956a-b, pedestals 2002.298.1 a",https://www.metmuseum.org/art/collection/search/7366,"TIER 1 IS EMPTY: not one settee, sofa, bench, settle or loveseat. The named bedroom suite 69.146.1–.5 is a Bedstead (.1), Chest of Drawers (.2), Secretary (.3), Night Table (.4) and Looking Glass (.5); the drawing-room group is 2002.298.1/.2 Pedestals, 2013.956a-b Console, 2014.530.1.1 and .1.2 Side"
03_settee,"Metropolitan Museum of Art — Pottier and Stymus Manufacturing Company (88.10.2 Side chair, 88.10.3 Armchair, 1970.35.1 Armchair, 1970.35.2 Side Chair, 1980.326.1 and .2 Child's Arm",https://www.metmuseum.org/art/collection/search/236,"no settee, sofa or bench by either firm. Tier 2 at the Met produces only chairs and case pieces. Daniel Pabst, Frank Furness and Associated Artists each return total=0 at the Met."
04_side_table,"Cleveland Museum of Art 1987.53, ""Center Table"", Herter Brothers (American), c. 1875, ""rosewood inlaid with other woods and bone"", ""Overall: 76.5 x 122 x 76.2 cm (30 1/8 x 48 1/16 ",https://clevelandart.org/art/1987.53,"only 1 view; gate requires 3+ (M.gate failure: ""only 1 view(s); gate requires 3+""). Painful loss — this is a true Herter Brothers Aesthetic-period table and would have been the ideal tier-1 second."
04_side_table,"Cleveland Museum of Art 1998.19, ""Center Table with Micromosaic Top, 'Love Triumphant'"", Agostino Francesangeli (Italian); Herter Brothers (American), table c. 1865; top c.1830–50,",https://clevelandart.org/art/1998.19,only 1 view; gate requires 3+
04_side_table,"Cleveland Museum of Art 1997.58, ""Fire Screen"", Herter Brothers (American), c. 1878–80, CC0",https://clevelandart.org/art/1997.58,"only 2 views; gate requires 3+ (and it is a fire screen, not a table — wrong object type for this slot)"
04_side_table,"Metropolitan Museum of Art 1973.168.1, ""Drop-leaf Table"", Herter Brothers, American, 1870–75, ""Wood"", Public Domain",https://www.metmuseum.org/art/collection/search/3453,"only 1 view; gate requires 3+. ALSO fails the measurements gate independently — the dimensions field reads literally ""Dimensions unavailable"", i.e. no published overall measurements."
04_side_table,"Metropolitan Museum of Art 1973.168.2, ""Table"", Herter Brothers, American, 1870–75, ""Wood"", ""H. 36 in. (91.4 cm); Diam. 20 in. (50.8 cm)"", Public Domain",https://www.metmuseum.org/art/collection/search/8080,only 1 view; gate requires 3+
04_side_table,"Metropolitan Museum of Art 1998.108, ""Pedestal"", Herter Brothers, American, 1880–85, ""Ebonized cherry with black marble top"", ""H. 54 in. (137.2 cm)""",https://www.metmuseum.org/art/collection/search/16305,"0 views AND image rights not open access (M.gate: ""only 0 view(s); gate requires 3+"", ""image rights not open access""). Two independent gate failures."
04_side_table,"Yale University Art Gallery 2012.41.1, ""Center Table"", Herter Brothers (American, 1864–1906), ca. 1878, ""Rosewood, mahogany, rosewood veneer, lightwood and tropical wood inlay, gil",https://artgallery.yale.edu/collections/objects/171664,"only 1 image on the object page; gate requires 3+ materially different views. Everything else on this record passes — accession, maker, published dimensions and rights are all clean. This is the strongest near-miss in the whole task: a documented Herter Brothers Japanese-inspired center table let do"
04_side_table,"Metropolitan Museum of Art 1986.78, ""Table"", American, ca. 1860, New York, ""Walnut, marble"", ""30 1/2 x 30 1/2 x 44 in. (77.5 x 77.5 x 111.8 cm)"", Public Domain — Gothic Revival oct",https://www.metmuseum.org/art/collection/search/8079,fails the THREE MATERIALLY DIFFERENT VIEWS gate on inspection even though the API reports 4 images and M.gate() returns PASS. I downloaded and opened all four: image 1 and image 2 are the same three-quarter view (colour and archival black-and-white); image 3 and image 4 are the same square-on overhe
04_side_table,"Metropolitan Museum of Art 1986.47.2, ""Table"", American, 1878–84, ""30 1/4 x 28 in. (76.8 x 71.1 cm)"", Public Domain",https://www.metmuseum.org/art/collection/search/8094,only 2 views; gate requires 3+
04_side_table,"Metropolitan Museum of Art 1974.146, ""Center Table"", 1830–40, ""28 1/2 x 33 3/8 x 33 3/8 in. (72.4 x 84.8 x 84.8 cm)"", 3 views, Public Domain",https://www.metmuseum.org/art/collection/search/1527,"no maker/culture/provenance information — both artistDisplayName and culture return empty, so M.gate fails with ""no maker/culture/provenance information"". Views and dimensions would otherwise have passed."
04_side_table,"Metropolitan Museum of Art 2000.58, ""Desk"", Kimbel and Cabus, ca.1875, ""55 1/8 x 39 1/4 x 20 1/2 in. (140 x 99.7 x 52.1 cm)"", Public Domain",https://www.metmuseum.org/art/collection/search/10414,"only 1 view; gate requires 3+ (also a desk, not a side table). This was the best tier-2 Modern Gothic lead."
04_side_table,"Art Institute of Chicago 1973.341, ""Table"", Herter Brothers, American, 1864–1906, c. 1878, ""73 × 115.9 × 70.5 cm (28 3/4 × 45 5/8 × 27 3/4 in.)"", is_public_domain true",https://www.artic.edu/artworks/44867,"1 image only (image_id present, alt_image_ids empty); gate requires 3+ views"
04_side_table,"Art Institute of Chicago 1985.514, ""Table"", Herter Brothers, American, 1846–1906, 1885–95, ""69.4 × 75.1 × 100.5 cm (27 5/16 × 29 9/16 × 39 9/16 in.)"", is_public_domain true",https://www.artic.edu/artworks/104352,1 image only (alt_image_ids empty); gate requires 3+ views
04_side_table,"Art Institute of Chicago, ""Sideboard"", Daniel Pabst (American, 1826–1910), Philadelphia, is_public_domain true",https://www.artic.edu/artworks/184672,"1 image only (alt_image_ids empty); gate requires 3+ views. Also a sideboard, not a table."
04_side_table,"Victoria and Albert Museum W.71-1981, table, Godwin, Edward William, ""Turned and joined mahogany"", Height 70 cm / Width 40 cm / Depth 40 cm (all recorded as approx.)",https://collections.vam.ac.uk/item/O15922/,"1 image only; gate requires 3+ views. The V&A search API's `_images` field showing ""4"" is a count of metadata keys, not of photographs — the record's `images` list contains a single asset id."
04_side_table,"Victoria and Albert Museum W.54-1980, table, Godwin, Edward William, ""Ebonised wood, probably mahogany, with brass feet"", Height 74 cm / Diameter 104.5 cm",https://collections.vam.ac.uk/item/O18968/,1 image only; gate requires 3+ views
04_side_table,"Brooklyn Museum — Kimbel and Cabus / Herter Brothers / Pottier & Stymus holdings (the museum that mounted ""Modern Gothic: The Inventive Furniture of Kimbel and Cabus, 1863–82"")",https://www.brooklynmuseum.org/opencollection/objects/1804,"NOT a gate failure — could not be verified at all. Every request returned HTTP 429 Too Many Requests, via both WebFetch and direct curl with a browser user-agent. No field from Brooklyn is quoted anywhere in this result because none could be read. This is the single most promising unexplored tier-2 "
04_side_table,"Metropolitan Museum of Art Herter bedroom suite 69.146.1 through 69.146.5, and drawing-room group 2002.298.x / 2014.530.x",https://www.metmuseum.org/art/collection/search,"NOT a gate failure — untested. The Met public API offers no accession-number lookup, its free-text search does not reliably surface these records (a q=Herter search returned a Gong Xian album and Islamic pulpit fragments), and the two ID-discovery routes both failed this task: departmentIds filterin"
05_desk,"Metropolitan Museum of Art, object 642486, Pottier and Stymus Manufacturing Company, ""Lady's secretary"" (Hopkins mansion, San Francisco) — the single most on-target tier-2 alternat",https://www.metmuseum.org/art/collection/search/642486,"Image rights status not verifiable, and no field verifiable at all. The Met Open Access API returned literally {""message"":""Not a valid object""} for objectID 642486, i.e. it is not exposed in the open-access API; every attempt to fetch the object page in this task returned HTTP 429. No accession numb"
05_desk,"Brooklyn Museum, object 146945, Kimbel and Cabus, ""Cabinet-Secretary"", c. 1875 — Brooklyn holds the largest institutional group of Kimbel and Cabus furniture, so this was the stron",https://www.brooklynmuseum.org/opencollection/objects/146945,"Unverifiable in this task: brooklynmuseum.org returned HTTP 429 to every raw request and HTTP 403 to every WebFetch, on both /opencollection/objects/146945 and /objects/146945. No accession number, dimension, view count or rights statement was seen firsthand. Explicitly NOT recorded from search-engi"
05_desk,"Metropolitan Museum of Art 2002.396.1a–e, Herter Brothers, ""Cabinet"", ca. 1883 (object 17491)",https://www.metmuseum.org/art/collection/search/17491,"FAILED two gates: ""only 0 view(s); gate requires 3+"" and ""image rights not open access"". Also a cabinet, not a desk — slot mismatch."
05_desk,"Metropolitan Museum of Art 1973.168.2, Herter Brothers, ""Table"", 1870–75 (object 8080)",https://www.metmuseum.org/art/collection/search/8080,"FAILED gate: ""only 1 view(s); gate requires 3+"". Also a small round table (H. 36 in.; Diam. 20 in.), not a desk with drawers — slot mismatch."
05_desk,"Metropolitan Museum of Art 1981.440.1, Harvey Ellis, ""Desk"", 1912–13 (object 3136)",https://www.metmuseum.org/art/collection/search/3136,"FAILED two gates: ""only 0 view(s); gate requires 3+"" and ""image rights not open access"". Also 1912-13, outside the 1870-1890 window."
05_desk,"Cleveland Museum of Art 1987.11, John Seymour and Thomas Seymour, ""Tambour Desk"", c. 1800",https://clevelandart.org/art/1987.11,"FAILED gate: ""only 2 view(s); gate requires 3+"" — museum_api.M.cleveland('1987.11') gate returned exactly that failure."
05_desk,"Art Institute of Chicago 1986.26 Herter Brothers ""Cabinet"" 1878–80, plus the rest of AIC's Herter holdings: 1982.1113 Sideboard, 1988.199 Side Chair, 1973.379 Side Chair, 1973.341 ",https://api.artic.edu/api/v1/artworks/105105,"Slot mismatch — AIC's Herter group contains NO desk or writing table. Verified by AIC API search over all artworks whose artist_display contains ""Herter"": six objects, classifications ""case furniture"", ""seating"", ""table""."
05_desk,"Metropolitan Museum of Art object 10022 ""Writing Table"" (American Wing) and object 3453, attributed to Herter Brothers, ""Drop-leaf Table""",https://www.metmuseum.org/art/collection/search/10022,"Not retrievable: the Met API returned Incapsula block pages (not JSON) on every attempt for these two IDs, so no field could be read and nothing was recorded."
05_desk,Museum of Fine Arts Boston — attempted maker sweep for Herter / Aesthetic Movement furniture,https://collections.mfa.org/,Not retrievable: collections.mfa.org returned HTTP 202 with a zero-byte body (bot interstitial) on every request. Tier 2 could not be searched there at all.
06_chest_drawers,"Met 1985.116, ""Cabinet"", Daniel Pabst, ca. 1873–76 (objectID 1083; the record also carries the Frank Furness association)",https://collectionapi.metmuseum.org/public/collection/v1/objects/1083,"only 1 view (primaryImage, additionalImages empty); gate requires 3+. Also not a chest of drawers."
06_chest_drawers,"Met 1981.211, ""Key cabinet"", Kimbel and Cabus, ca. 1874 (objectID 4255) — 4 views, public domain",,"wrong object type for this slot: a key cabinet, not a chest of drawers; no drawer repetition, runners, guides or stops to test."
06_chest_drawers,"Met 2000.58, ""Desk"", Kimbel and Cabus, ca. 1875 (objectID 10414)",,only 1 view; gate requires 3+. Also not a chest of drawers.
06_chest_drawers,"Met 2025.723, ""Desk"", Kimbel and Cabus, ca. 1875 (objectID 932889)",,"0 views (no primaryImage, no additionalImages) AND isPublicDomain false — fails both the 3-views gate and the image-rights gate."
06_chest_drawers,"Met 2019.121.1 and 2019.121.2, ""Chair"", Daniel Pabst, ca. 1870–80 (objectIDs 823136, 823138)",,0 views and isPublicDomain false; fails the 3-views gate and the image-rights gate. Also wrong object type.
06_chest_drawers,"Met 1991.230, ""Étagère"", A. Kimbel and Sons, ca. 1885–90 (objectID 14297) — 4 views, public domain",,"wrong object type: an étagère, no drawer bank; does not test drawer repetition, runners or stops."
06_chest_drawers,"Met 69.146.3 ""Secretary"" (objectID 7366, 6 views), 69.146.1 ""Bedstead"" (objectID 443, 5 views), 69.146.4 ""Night table"" (objectID 5410, 1 view), 69.146.5 ""Looking glass"" (objectID 4",,"wrong object type for this slot (the suite contains exactly ONE chest of drawers, 69.146.2, which is the already-named candidate); 69.146.4 and 69.146.5 additionally have only 1 view each."
06_chest_drawers,"Met 69.140a, b, ""Wardrobe"", Herter Brothers, 1875–1883 (objectID 9724) — 10 views, public domain",,"wrong object type: a wardrobe, not a chest of drawers. Belongs to a case/wardrobe slot, not this one."
06_chest_drawers,"Met 2002.298.1 and 2002.298.2 ""Pedestal"", Herter Brothers, 1879–82; 2014.530.2 ""Cabinet""; 2014.530.1.1 / 2014.530.1.2 ""Side chair"" — the drawing-room group named in the brief",,"the whole 2002.298.x / 2014.530.x group contains NO chest of drawers; every member is a pedestal, cabinet or chair. Wrong object type for this slot."
06_chest_drawers,"Art Institute of Chicago Herter Brothers holdings: 1986.26 Cabinet, 1982.1113 Sideboard, 1988.199 Side Chair, 1973.379 Side Chair, 1973.341 Table, 1985.514 Table",,"AIC holds no Herter chest of drawers — all six are cabinet, sideboard, chairs or tables. Wrong object type; view counts not evaluated because the type gate already failed."
06_chest_drawers,"Cleveland Museum of Art Herter holdings: 1997.58 Fire Screen, 1982.5 Chair (the baseline), 1987.53 Center Table, 1984.39 Center Table (Gustave Herter Firm)",,Cleveland holds no Herter chest of drawers. Wrong object type.
06_chest_drawers,"MFA Boston Herter Brothers holdings: 1990.105 Side chair, 1996.216 Side chair, 2000.3 Cabinet, 2020.385 Jewelry cabinet, 2013.1676.1-2 Pair of side chairs, K4862.1-.3 business card",,MFA holds no Herter chest of drawers. Wrong object type.
06_chest_drawers,"Cleveland 1989.159 ""Chest of Drawers (Commode)"", Adrien Faizelot Delorme, c. 1750–1765 (5 images) and 1944.113 ""Chest of Drawers (Commode)"", René Dubois, c. 1765–1770 (5 images)",,"tier 4 — French rococo bombé commode, a different construction tradition (veneered carcass over a shaped frame, ormolu mounts) whose recipe does not transfer to the American case-furniture grammar this corpus is building. Rejected on tradition, not on gates; tier 3 already produced a passing candida"
06_chest_drawers,"Cleveland 1989.75 ""Chest of Drawers"", c. 1760–1780",,1 view (0 alternate images); gate requires 3+.
06_chest_drawers,"Cleveland 1915.569 ""Chest"" 1690–1720; 1942.497, 1942.599 and 1989.158 commodes",,2 views each (1 primary + 1 alternate); gate requires 3+.
06_chest_drawers,"Met 08.119.2 ""Chest of drawers"", 1675–1700 (objectID 2000); 41.160.1078 ""Chest of drawers"", 1780–1800 (objectID 2009); 1971.180.41 ""Chest of drawers"", 1750–90 (objectID 2016)",,only 1 view each; gate requires 3+.
06_chest_drawers,"Met 10.125.38 (objectID 2002), 10.125.50 (objectID 2003), 32.55.3 Michael Allison (objectID 2018), 1972.130a, b John Goddard (objectID 2020) — all ""Chest of drawers""",,only 2 views each; gate requires 3+.
06_chest_drawers,"Met 1983.598 ""Chest"", Gustav Stickley, ca. 1903 (objectID 1999)",,0 views and isPublicDomain false — fails both the 3-views gate and the image-rights gate.
06_chest_drawers,"Met 10.125.668 ""Chest"", 1650–1700 (objectID 1992), published dimensions ""30 x 49 in. (76.2 x 124.5 cm)""; Met 08.119.2 (objectID 2000), ""31 7/8 x 40 1/2 in. (81 x 102.9 cm)""",,"published measurement gives only two axes (no depth), so it is not a complete overall measurement for a reconstructable case; objectID 2000 also has only 1 view."
07_sideboard,"Art Institute of Chicago 1986.26, ""Cabinet"", Herter Brothers, 1878–80, rosewood with ebonized cherry, maple, walnut, satinwood, marquetry, brass, gilding and paint; ""134.6 × 180.3 ",,"Fails ""at least one view revealing side, rear, underside, interior, joinery or attachment"", and arguably fails ""three materially different views"" as well. The record has exactly 3 images (image_id + 2 alt_image_ids, confirmed by parsing the object page HTML: 3 unique IIIF ids). All three were downlo"
07_sideboard,"Art Institute of Chicago 1982.1113, ""Sideboard"", Herter Brothers, 1876–80, oak with white pine; ""230 × 213.4 × 73.7 cm (91 1/2 × 84 × 29 in.)""; is_public_domain true; a documented ",,"Only 1 view; gate requires 3+. alt_image_ids is an empty array. This was the single most on-brief object found for the slot — a Herter Brothers MODERN GOTHIC SIDEBOARD, the exact form and the exact firm — and it dies on a one-photograph record."
07_sideboard,"Art Institute of Chicago 2005.51, ""Sideboard"", Daniel Pabst, 1868–80, walnut and burled elm; ""256.5 × 185.4 × 62.2 cm (101 × 73 × 24 1/2 in.)""; is_public_domain true. Philadelphia ",,Only 1 view; gate requires 3+. alt_image_ids empty.
07_sideboard,"Art Institute of Chicago 2005.529, ""Sideboard"", designed by E. W. Godwin, made by William Watt, designed 1867 made c. 1876, ebonized mahogany with glass and silvered brass; ""181.6 ",,Only 1 view; gate requires 3+. alt_image_ids empty.
07_sideboard,"Art Institute of Chicago 1995.245, ""Sideboard"", Alexander Roux, 1850–57, is_public_domain true.",,Only 1 view; gate requires 3+ (alt_image_ids empty). Also pre-dates the target window.
07_sideboard,"Metropolitan Museum of Art 2014.530.2 (objectID 20608), ""Cabinet"", Herter Brothers, 1879–82, ""Cherry, brass, and later silk textiles""; ""76 7/8 x 60 x 12 in. (195.3 x 152.4 x 30.5 c",,Only 2 views (1 primaryImage + 1 additionalImage); gate requires 3+. Verified by reading the raw API JSON in the Browser pane.
07_sideboard,"Metropolitan Museum of Art 1999.79 (objectID 16576), ""Cabinet"", Attributed to Herter Brothers, ca. 1883, ""Maple, with painted and gilded surface, bevelled glass, silk velvet, brass",,"Not rejected on a gate — it PASSES. Excluded because it is the object the slot brief already names as filled (""Herter tier has Met Cabinet 1999.79 (10 views); find a SECOND""). Listed here so the ID mapping is on the record: 1999.79 = Met objectID 16576, and its 10 views are 1 primaryImage + 9 additi"
07_sideboard,"Philadelphia Museum of Art F1938-1-80, ""Cabinet"", Pabst, Daniel, 1868-1870, ""Walnut, walnut veneer, burl veneer, maple veneer, yellow poplar, white pine; glass""; ""42 x 45 1/4 x 19 ",,"Only 2 views (PrimaryView + 1 SecondaryView, per the embedded record payload); gate requires 3+."
07_sideboard,"Cleveland Museum of Art 1985.72, ""Sideboard"", Joseph Alexis Bailly (American, 1825–1883), c. 1855, CC0.",,"Only 2 views (images dict + 1 alternate_image); gate requires 3+. Also c. 1855, outside the movement window."
07_sideboard,"Cleveland Museum of Art 2000.72.1, ""Sideboard"", Duncan Phyfe and Son, c. 1840, CC0.",,"Only 1 view (alternate_images empty); gate requires 3+. Also c. 1840, wrong period for this slot."
07_sideboard,"Cleveland Museum of Art 2003.4.2, ""Sideboard from 'The Kem Weber Group'"", Kem Weber, 1928–1929.",,"Image rights not open access — share_license_status is ""Copyrighted"", and only 1 view. Fails two gates. Also 1928, wrong period."
07_sideboard,"Cleveland Museum of Art — the whole institution, searched for a Herter or Aesthetic-Movement sideboard/cabinet to sit beside the accepted baseline 1982.5.",,"No such object exists to reject-or-accept. The Cleveland API returns 5 hits for ""Herter"" and none is a sideboard or cabinet: 1997.58 Fire Screen (2 views), 1982.5 Chair (the baseline, 3 views), 1987.53 Center Table (1 view), 1984.39 Center Table by the Gustave Herter Firm (5 views), 1998.19 Center T"
07_sideboard,Metropolitan Museum of Art — a systematic sweep of the American Wing for a second Herter case piece beyond 9724 and 20608.,,"Not completed, and I will not pretend otherwise. collectionapi.metmuseum.org began returning HTTP 403 (Incapsula) and www.metmuseum.org HTTP 429 (Vercel checkpoint) partway through this task and stayed blocked to curl and WebFetch for the rest of it. A 45-object detail sweep returned nothing but blo"
08_wardrobe,"Metropolitan Museum of Art, 2014.530.2, ""Cabinet"", Herter Brothers, 1879–82, 76 7/8 x 60 x 12 in. (195.3 x 152.4 x 30.5 cm) — Met object 20608",https://www.metmuseum.org/art/collection/search/20608,only 2 views (gate requires 3+). Verified via museum_api.M.met(20608): view_count 2.
08_wardrobe,"Metropolitan Museum of Art, 1999.79, ""Cabinet"", Herter Brothers, ca. 1883, 64 1/2 x 71 x 14 1/2 in. (163.8 x 180.3 x 36.8 cm) — Met object 16576",https://www.metmuseum.org/art/collection/search/16576,"wrong form for this slot: at 36.8 cm deep and wider (180.3 cm) than it is tall (163.8 cm) it is a shallow wide display cabinet, not a vertical wardrobe/tall cupboard with major interior or climbing volume. (It does have 10 views and is public domain — a good candidate for a different slot.)"
08_wardrobe,"Metropolitan Museum of Art, 2002.396.1a–e, ""Cabinet"", Herter Brothers, ca. 1883, 64 1/2 x 54 3/8 x 14 1/4 in. (163.8 x 138.1 x 36.2 cm) — Met object 17491",https://www.metmuseum.org/art/collection/search/17491,"0 views returned (no primary image, no additional images) and isPublicDomain false — fails both the 3-view gate and open-access image rights."
08_wardrobe,"Metropolitan Museum of Art, 1985.116, ""Cabinet"", Daniel Pabst, ca. 1873–76, 96 x 42 x 20 in. (243.8 x 106.7 x 50.8 cm) — Met object 1083. The Modern Gothic exhibition cabinet, Tier",https://www.metmuseum.org/art/collection/search/1083,"only 1 view (gate requires 3+). Verified via museum_api.M.met(1083): view_count 1. No side, rear, underside or interior view exists in the open record."
08_wardrobe,"Metropolitan Museum of Art, 1981.211, ""Hanging Key Cabinet"", Kimbel and Cabus, ca. 1874, 41 3/4 x 12 7/8 x 5 1/2 in. (106 x 32.7 x 14 cm) — Met object 4255",https://www.metmuseum.org/art/collection/search/4255,wrong form: a wall-hung key cabinet 14 cm deep. No interior/climbing volume; does not test the wardrobe slot. (Passes the 3-view gate with 4 views.)
08_wardrobe,"Metropolitan Museum of Art, 2001.67, ""Side Chair"", Kimbel and Cabus, ca. 1875 — Met object 16902",https://www.metmuseum.org/art/collection/search/16902,"wrong form (chair, not a wardrobe) AND only 1 view. Checked only to confirm the Met's Kimbel & Cabus holdings contain no tall cupboard."
08_wardrobe,"Victoria and Albert Museum, W.8:1 to 7-2018, ""Wardrobe"", Christopher Dresser, ca.1876, ebonised softwood (probably pine) with painted and gilded stencilled decoration, from the Bus",https://collections.vam.ac.uk/item/O1317614/wardrobe-dresser-christopher/,"NO PUBLISHED OVERALL MEASUREMENTS. The V&A publishes only per-part dimensions and the set is incomplete: ""Part 1, excluding blocks above and below height: 181cm""; ""Part 1, including blocks above and below height: 184cm""; ""Part 1, excluding hinge width: 56cm""; ""Part 1, including hinge width: 56.4cm ("
08_wardrobe,"Cleveland Museum of Art, 1966.372, ""Wardrobe (Kast)"", Netherlands 16th century, c. 1580–1600, oak, Overall: 170.8 x 193 x 89 cm (67 1/4 x 76 x 35 1/16 in.), CC0",https://clevelandart.org/art/1966.372,"only 1 view; museum_api.gate returned [""only 1 view(s); gate requires 3+""]."
08_wardrobe,"Yale University Art Gallery, 1930.2271, ""Cupboard"", Unknown, 1670–1700, 56 5/8 × 43 5/16 × 23 1/16 in. (143.8 × 110 × 58.5 cm), Mabel Brady Garvan Collection, rights ""No Copyright ",https://artgallery.yale.edu/collections/objects/40770,could not verify 3+ materially different views — the object page presents one primary image and routes any further views through an embedded IIIF Mirador viewer whose contents are not countable from the page; direct curl of the page and of the guessed IIIF manifest returned HTTP 403 and 404. Seconda
08_wardrobe,"Brooklyn Museum — the two strongest Tier 1/Tier 2 leads outside the Met: Herter Brothers ""Cabinet"" (reported accession 76.63a-f, object 1557) and the Kimbel and Cabus ""Cabinet-Secr",https://www.brooklynmuseum.org/opencollection/objects/1557,"could not verify ANY field — brooklynmuseum.org returned HTTP 403 to WebFetch and HTTP 429 to every direct request across the whole task (the served body was an empty Astro shell with no object data). No accession, dimension, view count or rights statement from Brooklyn is asserted anywhere in this "
08_wardrobe,"Art Institute of Chicago, 2000.133, ""Swing-Line Child's Wardrobe"", Henry Peter Glass / Fleetwood Furniture Corporation, 1952, 107.6 × 80.7 × 44.5 cm (42 3/8 × 31 3/4 × 17 1/2 in.)",https://www.artic.edu/artworks/154494,"2 views (image_id + 1 alt_image_id) — fails the 3-view gate; also is_public_domain false, and a 1952 painted-Masonite child's unit is outside the period and the construction tradition."
08_wardrobe,"Metropolitan Museum of Art object 690257 — the single hit for a Dutch kas in The American Wing (search q=""kas wardrobe Dutch"", departmentIds=1, total=1)",https://collectionapi.metmuseum.org/public/collection/v1/objects/690257,record not retrievable — 8 spaced retries over ~5 minutes all returned the Incapsula bot-block page instead of JSON. Nothing about this object is asserted.
08_wardrobe,"Metropolitan Museum of Art objects 696949 and 704667 (2 of the 39 hits for artistOrCulture=""Herter Brothers"")",https://collectionapi.metmuseum.org/public/collection/v1/search?artistOrCulture=true&q=Herter%20Brothers,record not retrievable — repeated Incapsula bot-blocks. 37 of 39 Herter objects were fetched; these 2 are the only gaps in the Tier 1 sweep.
09_bedstead,"High Museum of Art 1983.199 — ""Bedstead"", Gustave Herter and Christian Herter, designers; Herter Brothers (New York, 1864–1907), maker; ca. 1880; ""Ebonized cherry and marquetry of ",https://high.org/collection/bedstead/,"THIS IS THE TIER-1 ANSWER AND IT FAILS. The object page displays only ONE photograph — fails the ""at least THREE materially different useful views"" gate. It also fails ""image rights status stated"": the page carries no rights, copyright or licence statement at all. (Fields above quoted from a WebFetc"
09_bedstead,"Metropolitan Museum of Art 68.97.13 — ""Bedstead"", Baumann Brothers, ca. 1880, Maple, 63 3/8 x 39 x 81 in. (161 x 99.1 x 205.7 cm), Purchase, Anonymous Gift, 1968 (Met object 445)",https://www.metmuseum.org/art/collection/search/445,"Only 1 view (primaryImage, no additionalImages); gate requires 3+. This was the strongest remaining tier-2 candidate — a New York Aesthetic Movement bedstead of exactly the right date — and it dies on the view count alone."
09_bedstead,"Metropolitan Museum of Art 46.194.6a, b — ""Bedstead"", American, 1760–90, Tulip poplar, Atlantic white cedar, pine, 99 1/8 x 66 x 84 1/2 in. (251.8 x 167.6 x 214.6 cm) (Met object 4",https://www.metmuseum.org/art/collection/search/438,"Passes the mechanical gate (5 views, CC0, published dimensions) but FAILS ""resolution enough to separate components"" on inspection: two views show the bed completely swathed in curtains and valance so that no post, rail or joint is visible, and the remaining three show only the detached painted corn"
09_bedstead,"Metropolitan Museum of Art 49.91a–e — ""Bedstead"", American, 1760–1800, Birch, white pine, 96 1/2 x 56 1/4 x 77 1/4 in. (245.1 x 142.9 x 196.2 cm) (Met object 439)",https://www.metmuseum.org/art/collection/search/439,"Passes the mechanical gate (4 views, CC0) but fails ""THREE materially different useful views"" of the object in substance: only one view shows the bedstead, and it is a fully draped period-room photograph in which posts and rails are hidden; the other three are all of the one detached tester cornice."
09_bedstead,"Metropolitan Museum of Art 10.125.335 — ""Folding Bedstead"", American, 1740–90 (Met object 436)",https://www.metmuseum.org/art/collection/search/436,Only 2 views; gate requires 3+.
09_bedstead,"Metropolitan Museum of Art 10.125.336 — ""Bedstead"", American, 1760–90 (Met object 437)",https://www.metmuseum.org/art/collection/search/437,Only 1 view; gate requires 3+.
09_bedstead,"Victoria and Albert Museum W.47:1 to 28-1931 — ""Great Bed of Ware"", object type ""Bed"", Ware (Hertfordshire), 1590-1600, ""Oak, carved and originally painted, with panels of marquetr",https://collections.vam.ac.uk/item/O9138/the-great-bed-of-ware-bed-unknown/,"Image rights. Every image asset in the V&A API record carries copyright ""© Victoria and Albert Museum, London"" — not open access. museum_api.gate's rights test (""image rights not open access (supplementary use only)"") rejects this, and the corpus baseline plus all three accepted candidates are CC0/P"
09_bedstead,"Brooklyn Museum object 49232 — ""Bed"", attributed to the shop of John Henry Belter (patent laminated knock-down bedstead, patent dated August 19, 1856)",https://www.brooklynmuseum.org/objects/49232,"UNASSESSED, not rejected on merit. brooklynmuseum.org returned HTTP 429 with a Vercel Security Checkpoint page to both WebFetch and curl, so no field could be verified in this task. I refuse to record its accession, dimensions, rights or view count from memory. Worth a retry: a documented demountabl"
10_chest,"Metropolitan Museum of Art 69.146.1, .3, .4, .5 - the rest of the named Herter bedroom suite (bedstead, firescreen, looking glass etc. surfaced under Met object ids 443, 3680, 4877",https://www.metmuseum.org/art/collection/search/443,"Wrong object type for this slot - none of them is a chest or trunk. Only 69.146.2 in the named suite is a storage case, and it is candidate 1."
10_chest,"Cleveland Museum of Art - the museum's entire Herter Brothers holding (5 objects: 1997.58 Fire Screen, 1982.5 Chair [the baseline], 1987.53 Center Table, 1984.39 Center Table, 1998",https://openaccess-api.clevelandart.org/api/artworks/?q=Herter,"TIER 1 exhausted at Cleveland - zero chests or trunks. Searched via the CMA API, total=5, verified by listing every record."
10_chest,"Art Institute of Chicago Herter Brothers holding (object 105105 Cabinet, 99082 Sideboard, 90204 and 45003 Side Chair, 44867 and 104352 Table)",https://api.artic.edu/api/v1/artworks/search?q=Herter%20Brothers,TIER 1 exhausted at AIC - no chest or trunk in the Herter group; all are cabinet/sideboard/seating/table.
10_chest,"TIER 2 SWEEP, American Aesthetic Movement / Modern Gothic makers - Kimbel & Cabus, Pottier & Stymus, Daniel Pabst, Frank Furness, Isaac Scott, Tiffany, 'Aesthetic Movement'",https://openaccess-api.clevelandart.org/api/artworks/?q=Kimbel&type=Furniture%20and%20woodwork,"TIER 2 RETURNED NO CHEST OR TRUNK AT ALL. Cleveland furniture-and-woodwork search: Kimbel 0, Cabus 0, Pottier 0, Stymus 0, 'Aesthetic Movement' 0, Pabst 1 (1991.34 Pedestal), Furness 1 (the same 1991.34 Pedestal), Tiffany 11 (clock, lamps, mirror, armchair, tables - no chest). Cleveland searches for"
10_chest,"Cleveland Museum of Art 1942.607, Marriage Chest (Cassone), Italy, mid 1500s, Overall: 68.6 x 168.9 x 57.2 cm (27 x 66 1/2 x 22 1/2 in.)",https://clevelandart.org/art/1942.607,only 1 view; gate requires 3+
10_chest,"Cleveland Museum of Art 1915.569, Chest, 1690–1720, Overall: 96.9 x 122.9 x 47.3 cm (38 1/8 x 48 3/8 x 18 5/8 in.)",https://clevelandart.org/art/1915.569,only 2 views; gate requires 3+
10_chest,"Cleveland Museum of Art 1915.535, Marriage Chest, c. 1500, Overall: 71.8 x 127 x 55.9 cm (28 1/4 x 50 x 22 in.)",https://clevelandart.org/art/1915.535,only 2 views; gate requires 3+
10_chest,"Cleveland Museum of Art 1950.568, Gothic Marriage Chest, c. 1500–1525, Overall: 73.2 x 136.5 x 54.8 cm (28 13/16 x 53 3/4 x 21 9/16 in.)",https://clevelandart.org/art/1950.568,only 2 views; gate requires 3+
10_chest,"Cleveland Museum of Art 1990.135 (the PARENT record for the Spanish colonial chest), late 1600s",https://clevelandart.org/art/1990.135,only 2 views on the parent record; gate requires 3+. (Its sub-record 1990.135.a carries 18 views and does pass - see notes.)
10_chest,"Cleveland Museum of Art 1942.604, Chest, France, Normandy, 1550–99, Oak, Overall: 96.5 x 165.1 x 71.8 cm (38 x 65 x 28 1/4 in.), CC0",https://clevelandart.org/art/1942.604,"Passes the MECHANICAL gates (4 views, CC0, published dimensions) but fails the construction-view gate on inspection: the three alternate images are all close-ups of the carved front - two figural panel details and a caryatid - and the only non-frontal image is a three-quarter that shows the side fac"
10_chest,Art Institute of Chicago object 33079 Armchair (attributed to Pottier and Stymus) and object 184672 Sideboard (Daniel Pabst),https://api.artic.edu/api/v1/artworks/search?q=Pottier%20Stymus,"Wrong object type - seating and a sideboard, not a chest or trunk. Recorded only to show the Tier-2 sweep was actually run."
11_long_table,"Metropolitan Museum of Art 66.10.1, ""Dining Table"", United Society of Believers in Christ's Second Appearing (""Shakers""), Hancock, Massachusetts, 1800–1825, pine/maple/basswood, ""2",https://www.metmuseum.org/art/collection/search/3179,"Fails ""at least THREE materially different useful views"" and fails ""at least one view revealing side, rear, underside, interior, joinery or attachment"". museum_api.gate() returns PASS because the API reports 3 images, but all three were downloaded and looked at and they are: a 3/4 long-side view (AD"
11_long_table,"Metropolitan Museum of Art 66.10.3, ""Dining Table"", Shakers, Enfield, Connecticut, 1800–1825, maple/ash, ""24 1/8 x 50 x 27 in. (61.3 x 127 x 68.6 cm)"", CC0 — met object 3180",https://www.metmuseum.org/art/collection/search/3180,"Same failure as 66.10.1: 3 images by API count, but they are three photographs from essentially one long-side position (190601, 190603, ADA302 — the latter two both include the same accompanying bench). No end, rear, underside or joinery view. Also fails the slot's own brief on scale: at 50 in it is"
11_long_table,"Metropolitan Museum of Art 19.13.1 and 19.13.2, pair of ""Drop-leaf dining table"", American, Baltimore, Maryland, 1795–1810, ""28 3/4 x 47 7/8 x 39 1/4 in. (73 x 121.6 x 99.7 cm)"" an",https://www.metmuseum.org/art/collection/search/3172,"Fails ""at least THREE materially different useful views"" once the images are actually examined. Each record reports 6 images, but the two records SHARE four of the same asset files, and of the six only three are views of the table at all: a front elevation, a partial 3/4, and one archival B/W showin"
11_long_table,"Metropolitan Museum of Art 1973.168.1, ""Drop-leaf Table"", Herter Brothers, 1870–75 — met object 3453",https://www.metmuseum.org/art/collection/search/3453,Only 1 view; gate requires 3+. This was the only other Herter Brothers table form in the Met's holdings and it is the closest thing to a tier-1 alternative to 1972.47.
11_long_table,"Metropolitan Museum of Art 2013.956a, b, ""Console from the drawing room of the William H. Vanderbilt House"", Herter Brothers, 1879–82 — met object 631986",https://www.metmuseum.org/art/collection/search/631986,"Only 2 view(s); gate requires 3+. (Also a console, not a long table — listed because it is documented Herter drawing-room material from the same commission as 1972.47.)"
11_long_table,"Cleveland Museum of Art 1987.53, ""Center Table"", c. 1875, matched on a Herter search of the CMA open-access API, CC0",https://www.clevelandart.org/art/1987.53,"Only 1 view; gate requires 3+. CMA holds exactly five objects matching ""Herter"" and this is the only table among them other than 1984.39 and 1998.19; neither of those is a long table either."
11_long_table,"Art Institute of Chicago 44867 ""Table"", Herter Brothers, c. 1878; and AIC 104352 ""Table"", Herter Brothers, 1885–95 — both flagged is_public_domain: true",https://api.artic.edu/api/v1/artworks/44867,"Only 1 image each (image_id present, alt_image_ids empty); gate requires 3+ materially different views. AIC's Herter holdings were swept via its open API and no Herter table there carries more than a single photograph."
11_long_table,"Victoria and Albert Museum 645-1906, ""Draw table"", Netherlands, 1630-1650, ""Oak, turned and carved"", dimensions Height 77 cm; Length 108.5 cm (top in closed position); Length 199 c",https://collections.vam.ac.uk/item/O248427/draw-table-unknown/,"Fails ""at least one view revealing side, rear, underside, interior, joinery or attachment"", and only just reaches three views. The record carries exactly 3 images, all downloaded and inspected: a 3/4 view closed (2015HK8272), a 3/4 view fully EXTENDED to 199 cm (2015HK8264), and an archival B/W 3/4 "
11_long_table,"Victoria and Albert Museum 334:1 to 6-1907, ""Draw table"", ca. 1640-1660, ""Turned and carved oak, the drawers with knobs of turned walnut"", Height 79 cm / Length 127 cm / Depth 73 c",https://collections.vam.ac.uk/item/O117586/draw-table-unknown/,Only 1 image on the record; gate requires 3+.
11_long_table,"Metropolitan Museum of Art 1975.1.1965, ""Trestle table"", Italian (?), Robert Lehman Collection — met object 460606",https://www.metmuseum.org/art/collection/search/460606,"0 view(s) — the record carries no images at all — and rights are not open access. The literal object type wanted by this slot, with nothing to look at. The Met's own date line also reads ""possibly late 19th century or first half 20th century (with older parts)"", so it would be a poor construction wi"
11_long_table,"Metropolitan Museum of Art 1975.1.1966, ""Table"", Italian, Umbria (Tuscany), 16th century, second quarter — met object 460821",https://www.metmuseum.org/art/collection/search/460821,Only 1 view; gate requires 3+.
11_long_table,"Metropolitan Museum of Art 1975.1.1968, ""Center table"", North Italian or French, second half 16th century and second half 19th century — met object 461134",https://www.metmuseum.org/art/collection/search/461134,Only 2 view(s); gate requires 3+.
11_long_table,"TIER 2 AS A WHOLE — American Aesthetic Movement / Modern Gothic long tables. Kimbel and Cabus, Pottier and Stymus, Daniel Pabst, Frank Furness, Isaac Scott swept across the Met ope",https://collectionapi.metmuseum.org/public/collection/v1/search?artistOrCulture=true&q=Kimbel%20and%20Cabus,"NO LONG OR TRESTLE TABLE EXISTS IN THESE OPEN COLLECTIONS AT ALL — the tier failed on object type before it could fail on gates. Every accessible object by these makers was enumerated and typed. Kimbel and Cabus at the Met: a hanging key cabinet (1981.211, 4 views), a desk (2000.58, 1 view), a desk "
