source_id	leaf	printed_page	figure_no	caption	topic_tags	section_keyword
ellis1902	34	read off page (offset drifts)	40	Section of Common Ovolo Sash'Plane	sash_window;moulding;stair	yes
ellis1902	34	read off page (offset drifts)	41	Section of Gothic Ovolo Sash Plane	sash_window;moulding;stair	yes
ellis1902	34	read off page (offset drifts)	42	Grecian Ovolo Sash Plane	sash_window;moulding;stair	no
ellis1902	34	read off page (offset drifts)	44	Astragal and Hollow Plane	sash_window;moulding;stair	no
ellis1902	34	read off page (offset drifts)	45	Hook Joint Plane	sash_window;moulding;stair	yes
ellis1902	35	read off page (offset drifts)	47	Chariot Plane	sash_window;casement	no
ellis1902	35	read off page (offset drifts)	48	Chamfer Plane	sash_window;casement	no
ellis1902	36	read off page (offset drifts)	57	Firmer Gouge	sash_window	no
ellis1902	36	read off page (offset drifts)	58	Plugging Chisel	sash_window	no
ellis1902	48	read off page (offset drifts)	95	Sash Cramp, Iron	sash_window	no
ellis1902	48	read off page (offset drifts)	96	Scotch Bench Cramp	sash_window	no
ellis1902	48	read off page (offset drifts)	99	Iron Cleat	sash_window	no
ellis1902	65	read off page (offset drifts)	131	Method of Setting Out Dowels	sash_window;door;moulding	yes
ellis1902	106	read off page (offset drifts)	286	Enlarged Detail of Ledge	door;frame_general	yes
ellis1902	107	read off page (offset drifts)	1	THE CHAMFERED	door;frame_general;moulding	no
ellis1902	107	read off page (offset drifts)	289	Section on A B	door;frame_general;moulding	yes
ellis1902	107	read off page (offset drifts)	2	RAISED AND FLAT or RAISED AND FIELDED	door;frame_general;moulding	no
ellis1902	107	read off page (offset drifts)	3	RAISED, SUNK, AND FIELDED (as at B, Fig	door;frame_general;moulding	no
ellis1902	109	read off page (offset drifts)	293	Plan and Sections of a Chamfered Raised Panel	door;frame_general;moulding	yes
ellis1902	109	read off page (offset drifts)	291	Vertical Section at A	door;frame_general;moulding	yes
ellis1902	109	read off page (offset drifts)	292	Horizontal Section below Lock Rail	door;frame_general;moulding	yes
ellis1902	109	read off page (offset drifts)	294	Bolection Moulding	door;frame_general;moulding	no
ellis1902	109	read off page (offset drifts)	295	Raised, Sunk, and Moulded Panel	door;frame_general;moulding	no
ellis1902	109	read off page (offset drifts)	296	Panel Slotted for Screws	door;frame_general;moulding	no
ellis1902	109	read off page (offset drifts)	297	Solid or Stuck Mouldings	door;frame_general;moulding	no
ellis1902	114	read off page (offset drifts)	309	Section	door;frame_general	yes
ellis1902	114	read off page (offset drifts)	313	Section	door;frame_general	yes
ellis1902	117	read off page (offset drifts)	317	Joint Edge of Meeting Stile	sash_window;glazing;shutter;door;frame_general	yes
ellis1902	117	read off page (offset drifts)	318	Elevation	sash_window;glazing;shutter;door;frame_general	yes
ellis1902	117	read off page (offset drifts)	319	Sectionon CD	sash_window;glazing;shutter;door;frame_general	yes
ellis1902	117	read off page (offset drifts)	320	Vertical Section	sash_window;glazing;shutter;door;frame_general	yes
ellis1902	117	read off page (offset drifts)	321	Detail of Upper Part of Stiles, AA SSS AE PN) VESTIBULE DOORS	sash_window;glazing;shutter;door;frame_general	yes
ellis1902	118	read off page (offset drifts)	324	Method of Cutting Out Diminished Stiles	door;frame_general;moulding	yes
ellis1902	121	read off page (offset drifts)	328	Elevation	door;frame_general;moulding	yes
ellis1902	121	read off page (offset drifts)	329	Section	door;frame_general;moulding	yes
ellis1902	121	read off page (offset drifts)	334	Elevation	door;frame_general;moulding	yes
ellis1902	121	read off page (offset drifts)	335	Section	door;frame_general;moulding	yes
ellis1902	124	read off page (offset drifts)	337	Method of Marking Joint in Capping of Screen Doors	door	yes
ellis1902	125	read off page (offset drifts)	338	Elevation	door;moulding;stair	yes
ellis1902	125	read off page (offset drifts)	339	Section on C D	door;moulding;stair	yes
ellis1902	125	read off page (offset drifts)	340	Elevation	door;moulding;stair	yes
ellis1902	125	read off page (offset drifts)	341	Section	door;moulding;stair	yes
ellis1902	125	read off page (offset drifts)	342	Elevation	door;moulding;stair	yes
ellis1902	125	read off page (offset drifts)	343	Section	door;moulding;stair	yes
ellis1902	125	read off page (offset drifts)	345	Detail of Stile	door;moulding;stair	yes
ellis1902	127	read off page (offset drifts)	346	Elevation	sash_window;glazing;door;moulding	yes
ellis1902	127	read off page (offset drifts)	347	Detail Section	sash_window;glazing;door;moulding	yes
ellis1902	127	read off page (offset drifts)	348	Elevation	sash_window;glazing;door;moulding	yes
ellis1902	127	read off page (offset drifts)	349	Section	sash_window;glazing;door;moulding	yes
ellis1902	127	read off page (offset drifts)	350	Half Plans above and below Lock Rail	sash_window;glazing;door;moulding	no
ellis1902	127	read off page (offset drifts)	351	Height and Width Rod of a Door	sash_window;glazing;door;moulding	no
ellis1902	131	read off page (offset drifts)	355	Elevation	door;frame_general;stair	yes
ellis1902	131	read off page (offset drifts)	357	Plug in Foot of Jamb	door;frame_general;stair	no
ellis1902	131	read off page (offset drifts)	358	Iron Shoe for Foot of Jamb	door;frame_general;stair	no
ellis1902	131	read off page (offset drifts)	359	Elevation	door;frame_general;stair	yes
ellis1902	133	read off page (offset drifts)	68	Edge View	door;frame_general	no
ellis1902	133	read off page (offset drifts)	369	Section	door;frame_general	yes
ellis1902	134	read off page (offset drifts)	377	End of a Jamb Lining showing Tongues	door;frame_general	no
ellis1902	134	read off page (offset drifts)	378	Section through Jamb of a Double Framed Lining	door;frame_general	yes
ellis1902	134	read off page (offset drifts)	379	Section through Soffit of a Double Framed Lining	door;frame_general	yes
ellis1902	134	read off page (offset drifts)	381	Sketch of a Set of Skeleton Lining	door;frame_general	yes
ellis1902	136	read off page (offset drifts)	388	Framed Architrave Method of Arranging Grounds, and Grounds	shutter;door;frame_general	yes
ellis1902	136	read off page (offset drifts)	390	Face of Mitre	shutter;door;frame_general	no
ellis1902	139	read off page (offset drifts)	396	Inside Elevation	sash_window;casement;skylight;frame_general;moulding;roof	yes
ellis1902	139	read off page (offset drifts)	397	Vertical Section	sash_window;casement;skylight;frame_general;moulding;roof	yes
ellis1902	139	read off page (offset drifts)	398	Horizontal Section	sash_window;casement;skylight;frame_general;moulding;roof	yes
ellis1902	139	read off page (offset drifts)	454	SOLID FRAMES include Casement Frames (Fig	sash_window;casement;skylight;frame_general;moulding;roof	no
ellis1902	141	read off page (offset drifts)	419	Constructive Memoranda	sash_window;skylight;door;frame_general;roof	no
ellis1902	141	read off page (offset drifts)	399	Enlarged Detail of Fig	sash_window;skylight;door;frame_general;roof	yes
ellis1902	142	read off page (offset drifts)	403	Part Vertical Section of Frame, Fig	sash_window;frame_general	yes
ellis1902	142	read off page (offset drifts)	404	Part Vertical Section of Frame, Fig	sash_window;frame_general	yes
ellis1902	142	read off page (offset drifts)	406	Two Methods of Cutting Pockets	sash_window;frame_general	yes
ellis1902	142	read off page (offset drifts)	407	Joint in Head of Sash Frame	sash_window;frame_general	yes
ellis1902	142	read off page (offset drifts)	409	End of Oak Sill showing Sinkings	sash_window;frame_general	no
ellis1902	142	read off page (offset drifts)	409	More than this is unnecessary	sash_window;frame_general	no
ellis1902	145	read off page (offset drifts)	413	Stop Mitre in Bead	sash_window;frame_general;moulding	no
ellis1902	145	read off page (offset drifts)	414	Method of Haunching Sashes	sash_window;frame_general;moulding	yes
ellis1902	145	read off page (offset drifts)	415	Section of Bevelled Meeting Rails	sash_window;frame_general;moulding	yes
ellis1902	145	read off page (offset drifts)	416	Side Elevation of Fig	sash_window;frame_general;moulding	yes
ellis1902	146	read off page (offset drifts)	418	Section of Rebated Meeting Rails	sash_window;frame_general	yes
ellis1902	147	read off page (offset drifts)	422	Sections of Stiles	sash_window;casement;frame_general	yes
ellis1902	149	read off page (offset drifts)	423	Broken Vertical Section of a Double Window	sash_window;frame_general;stair	yes
ellis1902	150	read off page (offset drifts)	425	Method of Tenoning Rail in Segment Sash	sash_window;frame_general;moulding	yes
ellis1902	150	read off page (offset drifts)	431	Section	sash_window;frame_general;moulding	yes
ellis1902	150	read off page (offset drifts)	438	Details of Venetian Frame	sash_window;frame_general;moulding	yes
ellis1902	152	read off page (offset drifts)	443	SectiononcD	sash_window;casement;frame_general	yes
ellis1902	154	read off page (offset drifts)	449	Sketch of Adams Patent Water Bar for Inward Opening Casements	sash_window;casement;door;frame_general;moulding	yes
ellis1902	154	read off page (offset drifts)	450	Section of Casement Fitted with Janus Bolt	sash_window;casement;door;frame_general;moulding	yes
ellis1902	154	read off page (offset drifts)	451	Method of Making Joint at Sill in Outward Opening Casements	sash_window;casement;door;frame_general;moulding	yes
ellis1902	159	read off page (offset drifts)	456	Elevation and Section of a Pivot Hung Sash	sash_window;casement;shutter;frame_general;roof	yes
ellis1902	159	read off page (offset drifts)	457	Method of Finding Cuts in Bead	sash_window;casement;shutter;frame_general;roof	yes
ellis1902	160	read off page (offset drifts)	458	View of Slotted Bead ina can be at any angle greater than that made Pivoted Sash	sash_window;frame_general	no
ellis1902	162	read off page (offset drifts)	459	Section	sash_window;door;frame_general	yes
ellis1902	162	read off page (offset drifts)	460	Elevation	sash_window;door;frame_general	yes
ellis1902	162	read off page (offset drifts)	461	Detail of Pivot Joint	sash_window;door;frame_general	yes
ellis1902	164	read off page (offset drifts)	462	Detail of Pivot	sash_window;casement;skylight;glazing;frame_general;roof	yes
ellis1902	164	read off page (offset drifts)	463	Elevation	sash_window;casement;skylight;glazing;frame_general;roof	yes
ellis1902	164	read off page (offset drifts)	464	Vertical Section	sash_window;casement;skylight;glazing;frame_general;roof	yes
ellis1902	164	read off page (offset drifts)	465	Horizontal Section	sash_window;casement;skylight;glazing;frame_general;roof	yes
ellis1902	164	read off page (offset drifts)	466	Elevation	sash_window;casement;skylight;glazing;frame_general;roof	yes
ellis1902	164	read off page (offset drifts)	467	Vertical Section	sash_window;casement;skylight;glazing;frame_general;roof	yes
ellis1902	164	read off page (offset drifts)	469	Joint at Bottom of Sash	sash_window;casement;skylight;glazing;frame_general;roof	yes
ellis1902	164	read off page (offset drifts)	470	Metal Shoe	sash_window;casement;skylight;glazing;frame_general;roof	no
ellis1902	165	read off page (offset drifts)	474	Inte SKYLIGHTS	sash_window;skylight;glazing;frame_general;roof	no
ellis1902	165	read off page (offset drifts)	475	Section of a Skylight	sash_window;skylight;glazing;frame_general;roof	yes
ellis1902	166	read off page (offset drifts)	476	Plan of a Skylight	skylight;roof	yes
ellis1902	173	read off page (offset drifts)	478	Half Inside and Half Outside Elevations	skylight;roof	yes
ellis1902	173	read off page (offset drifts)	479	Half Horizontal Section and Half Plan of Roof	skylight;roof	yes
ellis1902	173	read off page (offset drifts)	482	Enlarged Details	skylight;roof	yes
ellis1902	173	read off page (offset drifts)	491	Diagrams for obtaining Bevels and Sections	skylight;roof	yes
ellis1902	175	read off page (offset drifts)	495	Plan of Boxing Shutters in Square Opening	sash_window;shutter;frame_general	yes
ellis1902	175	read off page (offset drifts)	497	Plan of Boxing Shutters in Splayed pening	sash_window;shutter;frame_general	yes
ellis1902	175	read off page (offset drifts)	498	Section of Lifting Shutters	sash_window;shutter;frame_general	yes
ellis1902	175	read off page (offset drifts)	499	Plan of Lifting Shutters	sash_window;shutter;frame_general	yes
ellis1902	178	read off page (offset drifts)	500	Detail of Shutter Connections	shutter	yes
ellis1902	178	read off page (offset drifts)	501	Section of Spring Shutter in Shop Front	shutter	yes
ellis1902	178	read off page (offset drifts)	502	Channel Iron for Shutters	shutter	no
ellis1902	179	read off page (offset drifts)	593	Section of an Inside Revolving Spring Shutter	shutter	yes
ellis1902	180	read off page (offset drifts)	504	Outside Lifting or Shop Shutters are shown in elevation in Fig	sash_window;shutter;frame_general	yes
ellis1902	180	read off page (offset drifts)	506	Wrought-iron angle shoes are fitted to the corners to prevent wear	sash_window;shutter;frame_general	no
ellis1902	180	read off page (offset drifts)	505	Elevation of Two Shutters	sash_window;shutter;frame_general	yes
ellis1902	180	read off page (offset drifts)	509	Elevation of a Venetian Shutter	sash_window;shutter;frame_general	yes
ellis1902	180	read off page (offset drifts)	507	Method of Fixing at Head	sash_window;shutter;frame_general	yes
ellis1902	180	read off page (offset drifts)	510	Section of a Venetian Shutter	sash_window;shutter;frame_general	yes
ellis1902	180	read off page (offset drifts)	508	Fixing Studs for Bottom	sash_window;shutter;frame_general	no
ellis1902	184	read off page (offset drifts)	518	Shop Front with Lifting Sash	sash_window;glazing;shutter;frame_general;moulding;roof	no
ellis1902	190	read off page (offset drifts)	162	SHOP FITTINGS AND BYE-LAWS	glazing;shutter;door	no
ellis1902	192	read off page (offset drifts)	537	Sections	glazing;door;frame_general	yes
ellis1902	192	read off page (offset drifts)	539	Back Elevation	glazing;door;frame_general	yes
ellis1902	192	read off page (offset drifts)	546	Sketches of Joints	glazing;door;frame_general	yes
ellis1902	195	read off page (offset drifts)	547	Elevation	glazing;door;frame_general	yes
ellis1902	195	read off page (offset drifts)	548	Section	glazing;door;frame_general	yes
ellis1902	195	read off page (offset drifts)	50	Enlarged Detail	glazing;door;frame_general	yes
ellis1902	195	read off page (offset drifts)	551	Enlarged Section of Fig	glazing;door;frame_general	yes
ellis1902	195	read off page (offset drifts)	552	Section of Top of Case	glazing;door;frame_general	yes
ellis1902	195	read off page (offset drifts)	553	Section of Bottom of Case	glazing;door;frame_general	yes
ellis1902	195	read off page (offset drifts)	554	Corner Standard	glazing;door;frame_general	no
ellis1902	195	read off page (offset drifts)	555	Elevation of Cornice	glazing;door;frame_general	yes
ellis1902	212	read off page (offset drifts)	596	Elevations, Section, and Details of a Museum Centre Floor Case	sash_window;glazing;door;frame_general	yes
ellis1902	212	read off page (offset drifts)	602	Detail Section of Top of Case, of Top Sash of Floor Case	sash_window;glazing;door;frame_general	yes
ellis1902	212	read off page (offset drifts)	598	Bolt for Fastening Floor Case	sash_window;glazing;door;frame_general	no
ellis1902	212	read off page (offset drifts)	601	Enlarged Section through Side of Case, Fig	sash_window;glazing;door;frame_general	yes
ellis1902	212	read off page (offset drifts)	599	Sectional Elevation	sash_window;glazing;door;frame_general	yes
ellis1902	212	read off page (offset drifts)	603	Side View and Section of Drawers	sash_window;glazing;door;frame_general	yes
ellis1902	212	read off page (offset drifts)	604	Joint in Air-tight Covers	sash_window;glazing;door;frame_general	yes
ellis1902	212	read off page (offset drifts)	605	Enlarged Section of Drawer Front	sash_window;glazing;door;frame_general	yes
ellis1902	212	read off page (offset drifts)	606	Detail Sections of a Large Wall Case	sash_window;glazing;door;frame_general	yes
ellis1902	214	read off page (offset drifts)	5	Design for a Wall Case for a Public Library, with Details	door;moulding	yes
ellis1902	218	read off page (offset drifts)	617	Elevation and Details of a Parclose Screen at Geddington Church, Northants	door;moulding	yes
ellis1902	218	read off page (offset drifts)	618	Chancel Stalls, Lavenham Church, Suffolk	door;moulding	no
ellis1902	222	read off page (offset drifts)	619	PULPIT, HENRY VII	door;frame_general	no
ellis1902	222	read off page (offset drifts)	620	PLAN, SECTIONAL ELEVATION, AND DETAILS OF A MODERN PULPIT	door;frame_general	yes
ellis1902	227	read off page (offset drifts)	629	Method of Staving a Veneer on a Cylinder	sash_window;door;frame_general;stair	yes
ellis1902	228	read off page (offset drifts)	634	Marking Plan Curves on Head of Circle on Circle Frame	door;frame_general;moulding;stair	yes
ellis1902	228	read off page (offset drifts)	635	View of Edge of Frame when marked	door;frame_general;moulding;stair	no
ellis1902	231	read off page (offset drifts)	636	Fix,a block in the centre of this equal in height to the head at the crown	sash_window;frame_general;moulding	no
ellis1902	234	read off page (offset drifts)	639	Transfer the divisions as they occur, and erect perpendiculars thereon	sash_window;frame_general;moulding	no
ellis1902	322	read off page (offset drifts)	859	GOTHIC MOULDINGS	casement;moulding	no
ellis1902	322	read off page (offset drifts)	854	Early English	casement;moulding	no
ellis1902	322	read off page (offset drifts)	859	Decorated	casement;moulding	no
ellis1902	322	read off page (offset drifts)	861	Double Ogee	casement;moulding	no
ellis1902	322	read off page (offset drifts)	865	Gothic Mouldings, Perpendicular	casement;moulding	no
ellis1902	330	read off page (offset drifts)	898	Method of Obtaining Section of Curved of Different Widihs	sash_window;moulding	yes
ellis1902	330	read off page (offset drifts)	7	Draw lines from these points parallel to the edges to intersect the mitre line	sash_window;moulding	no
ellis1902	330	read off page (offset drifts)	899	Method of Obtaining Curved Mitre between Straight and Curved Mouldings	sash_window;moulding	yes
ellis1902	334	read off page (offset drifts)	64	Chamfer Stops	sash_window;door;frame_general;moulding	no
ellis1902	334	read off page (offset drifts)	2	Proceed to chip away the core between groove No	sash_window;door;frame_general;moulding	no
ellis1902	344	read off page (offset drifts)	928	Method of Labelling Rods	sash_window;skylight;door;frame_general;roof	yes
ellis1902	344	read off page (offset drifts)	490	What is Required on a Rod	sash_window;skylight;door;frame_general;roof	no
ellis1902	349	read off page (offset drifts)	937	Method of Fitting a Door	door;frame_general;moulding	yes
ellis1902	350	read off page (offset drifts)	939	Open Joint Hanging	door;moulding	yes
ellis1902	351	read off page (offset drifts)	941	Marking Hinges	door;moulding	no
ellis1902	351	read off page (offset drifts)	942	Marking Hinge for Sinking	door;moulding	no
ellis1902	351	read off page (offset drifts)	943	Scribing a Hinge	door;moulding	no
ellis1902	351	read off page (offset drifts)	942	Remove the door, and square in the end lines of the hinges on the rebate	door;moulding	no
ellis1902	352	read off page (offset drifts)	942	VE bead must be arranged to be of NE same	door;moulding	no
ellis1902	352	read off page (offset drifts)	944	Turn one screw in each hinge TS and close them	door;moulding	no
ellis1902	352	read off page (offset drifts)	944	Method of Close Joint Hanging	door;moulding	yes
ellis1902	352	read off page (offset drifts)	945	Edge of Stile showing Mortise	door;moulding	no
ellis1902	352	read off page (offset drifts)	946	Section of Stile Place the lock upon the showing Hole in Under Edge of Rail	door;moulding	yes
ellis1902	352	read off page (offset drifts)	947	Outline’ of face of the door flush Lock on Door	door;moulding	no
ellis1902	352	read off page (offset drifts)	948	Edge of Door with Face Plate	door;moulding	no
ellis1902	355	read off page (offset drifts)	949	Plain Mitre	sash_window;shutter;frame_general	no
ellis1902	355	read off page (offset drifts)	950	Dovetail Mitre	sash_window;shutter;frame_general	no
ellis1902	382	read off page (offset drifts)	295	ANGLE BEAD	sash_window;door;frame_general;moulding;stair;roof	no
ellis1902	382	read off page (offset drifts)	707	APRON LINING	sash_window;door;frame_general;moulding;stair;roof	no
ellis1902	382	read off page (offset drifts)	218	GLOSSARY	sash_window;door;frame_general;moulding;stair;roof	no
ellis1902	384	read off page (offset drifts)	21	BLOCKS	shutter;door;frame_general;moulding	no
ellis1902	384	read off page (offset drifts)	39	Box STAPLE	shutter;door;frame_general;moulding	no
ellis1902	384	read off page (offset drifts)	254	BRacrE	shutter;door;frame_general;moulding	no
ellis1902	385	read off page (offset drifts)	20	BRACKET	sash_window;casement;door;frame_general;moulding;stair	no
ellis1902	385	read off page (offset drifts)	247	BraAvD	sash_window;casement;door;frame_general;moulding;stair	no
ellis1902	385	read off page (offset drifts)	141	BULLNOSE	sash_window;casement;door;frame_general;moulding;stair	no
ellis1902	385	read off page (offset drifts)	15	Butt JOINT	sash_window;casement;door;frame_general;moulding;stair	yes
ellis1902	386	read off page (offset drifts)	285	CEILING JOISTS	sash_window;skylight;shutter;door;frame_general;moulding;stair;roof	no
ellis1902	386	read off page (offset drifts)	184	CHANNEL IRON	sash_window;skylight;shutter;door;frame_general;moulding;stair;roof	no
ellis1902	386	read off page (offset drifts)	18	CIRCLE ON CIRCLE	sash_window;skylight;shutter;door;frame_general;moulding;stair;roof	no
ellis1902	386	read off page (offset drifts)	12	Compass SAw	sash_window;skylight;shutter;door;frame_general;moulding;stair;roof	no
ellis1902	387	read off page (offset drifts)	331	CorBEL	sash_window;glazing;shutter;door;frame_general;moulding;roof	no
ellis1902	387	read off page (offset drifts)	30	CRAMPING UpP	sash_window;glazing;shutter;door;frame_general;moulding;roof	no
ellis1902	387	read off page (offset drifts)	285	CROSS-GRAIN	sash_window;glazing;shutter;door;frame_general;moulding;roof	no
ellis1902	387	read off page (offset drifts)	238	Cut Sturr	sash_window;glazing;shutter;door;frame_general;moulding;roof	no
ellis1902	388	read off page (offset drifts)	77	DoAaTINESS	sash_window;door;frame_general;moulding;stair;roof	no
ellis1902	388	read off page (offset drifts)	122	Doe’s-TOOTH ORNAMENT	sash_window;door;frame_general;moulding;stair;roof	no
ellis1902	388	read off page (offset drifts)	471	DOUBLE-MARGIN Door	sash_window;door;frame_general;moulding;stair;roof	no
ellis1902	388	read off page (offset drifts)	96	DOUBLE FLooR	sash_window;door;frame_general;moulding;stair;roof	no
ellis1902	388	read off page (offset drifts)	237	DOVETAIL Kry	sash_window;door;frame_general;moulding;stair;roof	no
ellis1902	388	read off page (offset drifts)	334	DRaw- BORE PIN	sash_window;door;frame_general;moulding;stair;roof	no
ellis1902	388	read off page (offset drifts)	75	DRAWER LOCK CHISEL	sash_window;door;frame_general;moulding;stair;roof	no
ellis1902	388	read off page (offset drifts)	52	DRAWING BOARD	sash_window;door;frame_general;moulding;stair;roof	no
ellis1902	388	read off page (offset drifts)	667	DRESSED STUFF	sash_window;door;frame_general;moulding;stair;roof	no
ellis1902	388	read off page (offset drifts)	621	Drum CurB	sash_window;door;frame_general;moulding;stair;roof	no
ellis1902	389	read off page (offset drifts)	125	Face MouLp	sash_window;casement;door;frame_general;moulding;roof	no
ellis1902	389	read off page (offset drifts)	514	FATIGUE OF MATERIAL	sash_window;casement;door;frame_general;moulding;roof	no
ellis1902	390	read off page (offset drifts)	294	FILLISTER	shutter;door;frame_general;moulding	no
ellis1902	390	read off page (offset drifts)	54	FIRRINGS	shutter;door;frame_general;moulding	no
ellis1902	391	read off page (offset drifts)	382	FRAMED PARTITIONS	sash_window;casement;glazing;door;frame_general;roof	no
ellis1902	391	read off page (offset drifts)	51	FRENCHMAN	sash_window;casement;glazing;door;frame_general;roof	no
ellis1902	391	read off page (offset drifts)	19	GIMLET	sash_window;casement;glazing;door;frame_general;roof	no
ellis1902	392	read off page (offset drifts)	178	HANGING SAsH	sash_window;skylight;door;frame_general;moulding;stair;roof	no
ellis1902	392	read off page (offset drifts)	236	HAUNCHING	sash_window;skylight;door;frame_general;moulding;stair;roof	no
ellis1902	392	read off page (offset drifts)	330	HEARTWOOD	sash_window;skylight;door;frame_general;moulding;stair;roof	no
ellis1902	393	read off page (offset drifts)	831	LIVE KNOT	sash_window;door;frame_general;moulding;stair	no
ellis1902	393	read off page (offset drifts)	107	MITRE CuT	sash_window;door;frame_general;moulding;stair	no
ellis1902	393	read off page (offset drifts)	230	MITRE SHOOT	sash_window;door;frame_general;moulding;stair	no
ellis1902	393	read off page (offset drifts)	283	MovuntT	sash_window;door;frame_general;moulding;stair	no
ellis1902	394	read off page (offset drifts)	35	OPEN JoInT	sash_window;shutter;door;frame_general;moulding;stair	yes
ellis1902	395	read off page (offset drifts)	4	QUATREFOIL	sash_window;door;frame_general;moulding;stair;roof	no
ellis1902	395	read off page (offset drifts)	312	RAKE or RAKING	sash_window;door;frame_general;moulding;stair;roof	no
ellis1902	396	read off page (offset drifts)	846	ScRAPE, To	sash_window;door;moulding;roof	no
ellis1902	397	read off page (offset drifts)	68	SCREEN	sash_window;casement;skylight;glazing;shutter;door;frame_general;moulding;roof	no
ellis1902	397	read off page (offset drifts)	139	SHOULDER PLANE	sash_window;casement;skylight;glazing;shutter;door;frame_general;moulding;roof	no
ellis1902	397	read off page (offset drifts)	138	SHow BoARD	sash_window;casement;skylight;glazing;shutter;door;frame_general;moulding;roof	no
ellis1902	397	read off page (offset drifts)	174	SKELETON FRAMING	sash_window;casement;skylight;glazing;shutter;door;frame_general;moulding;roof	no
ellis1902	397	read off page (offset drifts)	384	SKELETON OF A HOUSE	sash_window;casement;skylight;glazing;shutter;door;frame_general;moulding;roof	no
ellis1902	399	read off page (offset drifts)	243	SUNK PANEL	door;frame_general;moulding;stair;roof	no
ellis1902	401	read off page (offset drifts)	962	UNDERCUT	sash_window;glazing;frame_general	no
ellis1902	401	read off page (offset drifts)	430	VENTILATING SLIP	sash_window;glazing;frame_general	no
ellis1902	401	read off page (offset drifts)	399	VERGE BOARD	sash_window;glazing;frame_general	no
ellis1902	401	read off page (offset drifts)	970	WEATHERING	sash_window;glazing;frame_general	no
ellis1902	401	read off page (offset drifts)	404	WEATHER-BOARDING	sash_window;glazing;frame_general	no
ellis1902	401	read off page (offset drifts)	329	WELSH GROIN	sash_window;glazing;frame_general	no
ellis1902	401	read off page (offset drifts)	339	WHOLE TIMBER	sash_window;glazing;frame_general	no
ellis1902	401	read off page (offset drifts)	492	WINDOW BoARD	sash_window;glazing;frame_general	no
ellis1902	401	read off page (offset drifts)	76	Woop BRICK	sash_window;glazing;frame_general	no
ellis1902	401	read off page (offset drifts)	176	Woop HINGE	sash_window;glazing;frame_general	no
ellis1902	401	read off page (offset drifts)	301	WROUGHT	sash_window;glazing;frame_general	no
mitchell1898	40	27	73		door;frame_general	unknown
mitchell1898	40	27	74		door;frame_general	unknown
mitchell1898	58	45	124		door	unknown
mitchell1898	58	45	128		door	unknown
mitchell1898	139	126	269		door	unknown
mitchell1898	139	126	270		door	unknown
mitchell1898	141	128	276		door	unknown
mitchell1898	192	179	372		sash_window;door;moulding	unknown
mitchell1898	192	179	373		sash_window;door;moulding	unknown
mitchell1898	192	179	374		sash_window;door;moulding	unknown
mitchell1898	192	179	375		sash_window;door;moulding	unknown
mitchell1898	197	184	386		sash_window;casement;door	unknown
mitchell1898	197	184	387		sash_window;casement;door	unknown
mitchell1898	197	184	388		sash_window;casement;door	unknown
mitchell1898	197	184	390		sash_window;casement;door	unknown
mitchell1898	205	192	406		sash_window;frame_general	unknown
mitchell1898	205	192	407		sash_window;frame_general	unknown
mitchell1898	205	192	408		sash_window;frame_general	unknown
mitchell1898	207	194	426		sash_window;casement;frame_general;moulding	unknown
mitchell1898	207	194	432		sash_window;casement;frame_general;moulding	unknown
mitchell1898	208	195	407		casement;door;frame_general	unknown
mitchell1898	208	195	409		casement;door;frame_general	unknown
mitchell1898	208	195	435		casement;door;frame_general	unknown
mitchell1898	210	197	413		door	unknown
mitchell1898	210	197	414		door	unknown
mitchell1898	212	199	412		door	unknown
mitchell1898	212	199	415		door	unknown
mitchell1898	212	199	420		door	unknown
mitchell1898	213	200	417		sash_window;door	unknown
mitchell1898	213	200	419		sash_window;door	unknown
mitchell1898	214	201	385		sash_window;door;frame_general	unknown
mitchell1898	214	201	423		sash_window;door;frame_general	unknown
mitchell1898	214	201	425		sash_window;door;frame_general	unknown
mitchell1898	215	202	424		sash_window;casement;skylight;frame_general	unknown
mitchell1898	215	202	427		sash_window;casement;skylight;frame_general	unknown
mitchell1898	215	202	428		sash_window;casement;skylight;frame_general	unknown
mitchell1898	215	202	429		sash_window;casement;skylight;frame_general	unknown
mitchell1898	218	205	430		sash_window;casement;shutter;frame_general	unknown
mitchell1898	218	205	432		sash_window;casement;shutter;frame_general	unknown
mitchell1898	220	207	435		sash_window;casement;frame_general;moulding	unknown
mitchell1898	220	207	438		sash_window;casement;frame_general;moulding	unknown
mitchell1898	298	285	3		door;frame_general;roof	unknown
